CREATE DATABASE IF NOT EXISTS `pokemon_go`
/*!40100 DEFAULT CHARACTER SET utf8mb4 COLLATE utf8mb4_general_ci */
/*!80016 DEFAULT ENCRYPTION='N' */
;

USE `pokemon_go`;

-- MySQL dump 10.13  Distrib 8.0.21, for Linux (x86_64)
--
-- Host: localhost    Database: pokemon_go
-- ------------------------------------------------------
-- Server version	8.0.21-0ubuntu0.20.04.4
/*!40101 SET @OLD_CHARACTER_SET_CLIENT=@@CHARACTER_SET_CLIENT */
;

/*!40101 SET @OLD_CHARACTER_SET_RESULTS=@@CHARACTER_SET_RESULTS */
;

/*!40101 SET @OLD_COLLATION_CONNECTION=@@COLLATION_CONNECTION */
;

/*!50503 SET NAMES utf8 */
;

/*!40103 SET @OLD_TIME_ZONE=@@TIME_ZONE */
;

/*!40103 SET TIME_ZONE='+00:00' */
;

/*!40014 SET @OLD_UNIQUE_CHECKS=@@UNIQUE_CHECKS, UNIQUE_CHECKS=0 */
;

/*!40014 SET @OLD_FOREIGN_KEY_CHECKS=@@FOREIGN_KEY_CHECKS, FOREIGN_KEY_CHECKS=0 */
;

/*!40101 SET @OLD_SQL_MODE=@@SQL_MODE, SQL_MODE='NO_AUTO_VALUE_ON_ZERO' */
;

/*!40111 SET @OLD_SQL_NOTES=@@SQL_NOTES, SQL_NOTES=0 */
;

--
-- Table structure for table `attributes`
--
DROP TABLE IF EXISTS `attributes`;

/*!40101 SET @saved_cs_client     = @@character_set_client */
;

/*!50503 SET character_set_client = utf8mb4 */
;

CREATE TABLE `attributes` (
  `attributes_id` int NOT NULL AUTO_INCREMENT,
  `pokemon_id` int NOT NULL,
  `weather_1` varchar(100) NOT NULL,
  `weather_2` varchar(100) DEFAULT NULL,
  `legendary` int NOT NULL,
  `not_gettable` tinyint(1) NOT NULL,
  `aquireable` int NOT NULL,
  `spawns` tinyint(1) NOT NULL,
  `regional` tinyint(1) NOT NULL,
  `raidable` int NOT NULL,
  `hatchable` int NOT NULL,
  `shiny` tinyint(1) NOT NULL,
  `nest` tinyint(1) NOT NULL,
  `new_pokemon` tinyint(1) NOT NULL,
  PRIMARY KEY (`attributes_id`),
  KEY `pokemon_id` (`pokemon_id`),
  CONSTRAINT `attributes_ibfk_1` FOREIGN KEY (`pokemon_id`) REFERENCES `pokemons` (`id`)
) ENGINE = InnoDB AUTO_INCREMENT = 823 DEFAULT CHARSET = utf8mb4 COLLATE = utf8mb4_general_ci;

/*!40101 SET character_set_client = @saved_cs_client */
;

--
-- Dumping data for table `attributes`
--
LOCK TABLES `attributes` WRITE;

/*!40000 ALTER TABLE `attributes` DISABLE KEYS */
;

INSERT INTO
  `attributes`
VALUES
  (1, 1, 'Sunny/clear', 'Cloudy', 0, 0, 1, 1, 0, 0, 5, 0, 1, 0),
(2, 2, 'Sunny/clear', 'Cloudy', 0, 0, 1, 1, 0, 0, 0, 0, 0, 0),
(3, 3, 'Sunny/clear', 'Cloudy', 0, 0, 1, 1, 0, 0, 0, 0, 0, 0),
(4, 4, 'Sunny/clear', '', 0, 0, 1, 1, 0, 0, 5, 0, 1, 0),
(5, 5, 'Sunny/clear', '', 0, 0, 1, 1, 0, 0, 0, 0, 0, 0),
(6, 6, 'Sunny/clear', 'Windy', 0, 0, 1, 1, 0, 0, 0, 0, 0, 0),
(7, 7, 'Rainy', '', 0, 0, 1, 1, 0, 0, 5, 0, 1, 0),
(8, 8, 'Rainy', '', 0, 0, 1, 1, 0, 0, 0, 0, 0, 0),
(9, 9, 'Rainy', '', 0, 0, 1, 1, 0, 0, 0, 0, 0, 0),
(10, 10, 'Rainy', '', 0, 0, 1, 1, 0, 0, 0, 0, 1, 0),
(11, 11, 'Rainy', '', 0, 0, 1, 1, 0, 0, 0, 0, 0, 0),
(12, 12, 'Rainy', 'Windy', 0, 0, 1, 1, 0, 0, 0, 0, 0, 0),
(13, 13, 'Rainy', 'Cloudy', 0, 0, 1, 1, 0, 0, 0, 0, 1, 0),
(14, 14, 'Rainy', 'Cloudy', 0, 0, 1, 1, 0, 0, 0, 0, 0, 0),
(15, 15, 'Rainy', 'Cloudy', 0, 0, 1, 1, 0, 0, 0, 0, 0, 0),
(
    16,
    16,
    'Partly cloudy',
    'Windy',
    0,
    0,
    1,
    1,
    0,
    0,
    0,
    0,
    1,
    0
  ),
(
    17,
    17,
    'Partly cloudy',
    'Windy',
    0,
    0,
    1,
    1,
    0,
    0,
    0,
    0,
    0,
    0
  ),
(
    18,
    18,
    'Partly cloudy',
    'Windy',
    0,
    0,
    1,
    1,
    0,
    0,
    0,
    0,
    0,
    0
  ),
(19, 19, 'Partly cloudy', '', 0, 0, 1, 1, 0, 0, 0, 0, 1, 0),
(20, 20, 'Partly cloudy', '', 0, 0, 1, 1, 0, 0, 0, 0, 0, 0),
(
    21,
    21,
    'Partly cloudy',
    'Windy',
    0,
    0,
    1,
    1,
    0,
    0,
    0,
    0,
    1,
    0
  ),
(
    22,
    22,
    'Partly cloudy',
    'Windy',
    0,
    0,
    1,
    1,
    0,
    0,
    0,
    0,
    0,
    0
  ),
(23, 23, 'Cloudy', '', 0, 0, 1, 1, 0, 0, 0, 0, 1, 0),
(24, 24, 'Cloudy', '', 0, 0, 1, 1, 0, 0, 0, 0, 0, 0),
(25, 25, 'Rainy', '', 0, 0, 1, 1, 0, 0, 0, 1, 1, 0),
(26, 26, 'Rainy', '', 0, 0, 1, 1, 0, 0, 0, 1, 0, 0),
(27, 27, 'Sunny/clear', '', 0, 0, 1, 1, 0, 0, 0, 0, 1, 0),
(28, 28, 'Sunny/clear', '', 0, 0, 1, 1, 0, 0, 0, 0, 0, 0),
(29, 29, 'Cloudy', '', 0, 0, 1, 1, 0, 0, 0, 0, 0, 0),
(30, 30, 'Cloudy', '', 0, 0, 1, 1, 0, 0, 0, 0, 0, 0),
(31, 31, 'Cloudy', 'Sunny/clear', 0, 0, 1, 1, 0, 0, 0, 0, 0, 0),
(32, 32, 'Cloudy', '', 0, 0, 1, 1, 0, 0, 0, 0, 0, 0),
(33, 33, 'Cloudy', '', 0, 0, 1, 1, 0, 0, 0, 0, 0, 0),
(34, 34, 'Cloudy', 'Sunny/clear', 0, 0, 1, 1, 0, 0, 0, 0, 0, 0),
(35, 35, 'Cloudy', '', 0, 0, 1, 1, 0, 0, 0, 0, 1, 0),
(36, 36, 'Cloudy', '', 0, 0, 1, 1, 0, 0, 0, 0, 0, 0),
(37, 37, 'Sunny/clear', '', 0, 0, 1, 1, 0, 0, 0, 0, 1, 0),
(38, 38, 'Sunny/clear', '', 0, 0, 1, 1, 0, 0, 0, 0, 0, 0),
(
    39,
    39,
    'Partly cloudy',
    'Cloudy',
    0,
    0,
    1,
    1,
    0,
    0,
    0,
    0,
    1,
    0
  ),
(
    40,
    40,
    'Partly cloudy',
    'Cloudy',
    0,
    0,
    1,
    1,
    0,
    0,
    0,
    0,
    0,
    0
  ),
(41, 41, 'Cloudy', 'Windy', 0, 0, 1, 1, 0, 0, 0, 0, 1, 0),
(42, 42, 'Cloudy', 'Windy', 0, 0, 1, 1, 0, 0, 0, 0, 0, 0),
(43, 43, 'Sunny/clear', 'Cloudy', 0, 0, 1, 1, 0, 0, 2, 0, 1, 0),
(44, 44, 'Sunny/clear', 'Cloudy', 0, 0, 1, 1, 0, 0, 0, 0, 0, 0),
(45, 45, 'Sunny/clear', 'Cloudy', 0, 0, 1, 1, 0, 0, 0, 0, 0, 0),
(46, 46, 'Rainy', 'Sunny/clear', 0, 0, 1, 1, 0, 0, 0, 0, 1, 0),
(47, 47, 'Rainy', 'Sunny/clear', 0, 0, 1, 1, 0, 0, 0, 0, 0, 0),
(48, 48, 'Rainy', 'Cloudy', 0, 0, 1, 1, 0, 0, 0, 0, 1, 0),
(49, 49, 'Rainy', 'Cloudy', 0, 0, 1, 1, 0, 0, 0, 0, 0, 0),
(50, 50, 'Sunny/clear', '', 0, 0, 1, 1, 0, 0, 0, 0, 1, 0),
(51, 51, 'Sunny/clear', '', 0, 0, 1, 1, 0, 0, 0, 0, 0, 0),
(52, 52, 'Partly cloudy', '', 0, 0, 1, 1, 0, 0, 0, 0, 1, 0),
(53, 53, 'Partly cloudy', '', 0, 0, 1, 1, 0, 0, 0, 0, 0, 0),
(54, 54, 'Rainy', '', 0, 0, 1, 1, 0, 0, 0, 0, 1, 0),
(55, 55, 'Rainy', '', 0, 0, 1, 1, 0, 0, 0, 0, 0, 0),
(56, 56, 'Cloudy', '', 0, 0, 1, 1, 0, 0, 0, 0, 1, 0),
(57, 57, 'Cloudy', '', 0, 0, 1, 1, 0, 0, 0, 0, 0, 0),
(58, 58, 'Sunny/clear', '', 0, 0, 1, 1, 0, 0, 5, 0, 1, 0),
(59, 59, 'Sunny/clear', '', 0, 0, 1, 1, 0, 0, 0, 0, 0, 0),
(60, 60, 'Rainy', '', 0, 0, 1, 1, 0, 0, 0, 0, 1, 0),
(61, 61, 'Rainy', '', 0, 0, 1, 1, 0, 0, 0, 0, 0, 0),
(62, 62, 'Rainy', 'Cloudy', 0, 0, 1, 1, 0, 0, 0, 0, 0, 0),
(63, 63, 'Windy', '', 0, 0, 1, 1, 0, 0, 2, 0, 1, 0),
(64, 64, 'Windy', '', 0, 0, 1, 1, 0, 0, 0, 0, 0, 0),
(65, 65, 'Windy', '', 0, 0, 1, 1, 0, 0, 0, 0, 0, 0),
(66, 66, 'Cloudy', '', 0, 0, 1, 1, 0, 0, 2, 0, 1, 0),
(67, 67, 'Cloudy', '', 0, 0, 1, 1, 0, 0, 0, 0, 0, 0),
(68, 68, 'Cloudy', '', 0, 0, 1, 1, 0, 3, 0, 0, 0, 0),
(69, 69, 'Sunny/clear', 'Cloudy', 0, 0, 1, 1, 0, 0, 0, 0, 1, 0),
(70, 70, 'Sunny/clear', 'Cloudy', 0, 0, 1, 1, 0, 0, 0, 0, 0, 0),
(71, 71, 'Sunny/clear', 'Cloudy', 0, 0, 1, 1, 0, 0, 0, 0, 0, 0),
(72, 72, 'Rainy', 'Cloudy', 0, 0, 1, 1, 0, 0, 0, 0, 1, 0),
(73, 73, 'Rainy', 'Cloudy', 0, 0, 1, 1, 0, 0, 0, 0, 0, 0),
(
    74,
    74,
    'Partly cloudy',
    'Sunny/clear',
    0,
    0,
    1,
    1,
    0,
    0,
    0,
    0,
    1,
    0
  ),
(
    75,
    75,
    'Partly cloudy',
    'Sunny/clear',
    0,
    0,
    1,
    1,
    0,
    0,
    0,
    0,
    0,
    0
  ),
(
    76,
    76,
    'Partly cloudy',
    'Sunny/clear',
    0,
    0,
    1,
    1,
    0,
    4,
    0,
    0,
    0,
    0
  ),
(77, 77, 'Sunny/clear', '', 0, 0, 1, 1, 0, 0, 5, 0, 1, 0),
(78, 78, 'Sunny/clear', '', 0, 0, 1, 1, 0, 0, 0, 0, 0, 0),
(79, 79, 'Rainy', 'Windy', 0, 0, 1, 1, 0, 0, 2, 0, 1, 0),
(80, 80, 'Rainy', 'Windy', 0, 0, 1, 1, 0, 0, 0, 0, 0, 0),
(81, 81, 'Rainy', 'Snow', 0, 0, 1, 1, 0, 0, 0, 0, 1, 0),
(82, 82, 'Rainy', 'Snow', 0, 0, 1, 1, 0, 0, 0, 0, 0, 0),
(
    83,
    83,
    'Partly cloudy',
    'Windy',
    0,
    0,
    1,
    1,
    1,
    0,
    0,
    0,
    0,
    0
  ),
(
    84,
    84,
    'Partly cloudy',
    'Windy',
    0,
    0,
    1,
    1,
    0,
    0,
    0,
    0,
    1,
    0
  ),
(
    85,
    85,
    'Partly cloudy',
    'Windy',
    0,
    0,
    1,
    1,
    0,
    0,
    0,
    0,
    0,
    0
  ),
(86, 86, 'Rainy', '', 0, 0, 1, 1, 0, 0, 5, 0, 1, 0),
(87, 87, 'Rainy', 'Snow', 0, 0, 1, 1, 0, 0, 0, 0, 0, 0),
(88, 88, 'Cloudy', '', 0, 0, 1, 1, 0, 0, 5, 0, 0, 0),
(89, 89, 'Cloudy', '', 0, 0, 1, 1, 0, 0, 0, 0, 0, 0),
(90, 90, 'Rainy', '', 0, 0, 1, 1, 0, 0, 5, 0, 1, 0),
(91, 91, 'Rainy', 'Snow', 0, 0, 1, 1, 0, 0, 0, 0, 0, 0),
(92, 92, 'Fog', 'Cloudy', 0, 0, 1, 1, 0, 0, 2, 0, 1, 0),
(93, 93, 'Fog', 'Cloudy', 0, 0, 1, 1, 0, 0, 0, 0, 0, 0),
(94, 94, 'Fog', 'Cloudy', 0, 0, 1, 1, 0, 3, 0, 0, 0, 0),
(
    95,
    95,
    'Partly cloudy',
    'Sunny/clear',
    0,
    0,
    1,
    1,
    0,
    0,
    5,
    0,
    1,
    0
  ),
(96, 96, 'Windy', '', 0, 0, 1, 1, 0, 0, 0, 0, 1, 0),
(97, 97, 'Windy', '', 0, 0, 1, 1, 0, 0, 0, 0, 0, 0),
(98, 98, 'Rainy', '', 0, 0, 1, 1, 0, 0, 0, 0, 1, 0),
(99, 99, 'Rainy', '', 0, 0, 1, 1, 0, 0, 0, 0, 0, 0),
(100, 100, 'Rainy', '', 0, 0, 1, 1, 0, 0, 0, 0, 1, 0),
(101, 101, 'Rainy', '', 0, 0, 1, 1, 0, 0, 0, 0, 0, 0),
(
    102,
    102,
    'Sunny/clear',
    'Windy',
    0,
    0,
    1,
    1,
    0,
    0,
    2,
    0,
    1,
    0
  ),
(
    103,
    103,
    'Sunny/clear',
    'Windy',
    0,
    0,
    1,
    1,
    0,
    2,
    0,
    0,
    0,
    0
  ),
(104, 104, 'Sunny/clear', '', 0, 0, 1, 1, 0, 0, 0, 0, 1, 0),
(105, 105, 'Sunny/clear', '', 0, 0, 1, 1, 0, 0, 0, 0, 0, 0),
(106, 106, 'Cloudy', '', 0, 0, 1, 1, 0, 0, 0, 0, 0, 0),
(107, 107, 'Cloudy', '', 0, 0, 1, 1, 0, 0, 0, 0, 0, 0),
(108, 108, 'Partly cloudy', '', 0, 0, 1, 1, 0, 0, 5, 0, 0, 0),
(109, 109, 'Cloudy', '', 0, 0, 1, 1, 0, 0, 5, 0, 0, 0),
(110, 110, 'Cloudy', '', 0, 0, 1, 1, 0, 0, 0, 0, 0, 0),
(
    111,
    111,
    'Sunny/clear',
    'Partly cloudy',
    0,
    0,
    1,
    1,
    0,
    0,
    5,
    0,
    1,
    0
  ),
(
    112,
    112,
    'Sunny/clear',
    'Partly cloudy',
    0,
    0,
    1,
    1,
    0,
    0,
    0,
    0,
    0,
    0
  ),
(113, 113, 'Partly cloudy', '', 0, 0, 1, 1, 0, 0, 10, 0, 0, 0),
(114, 114, 'Sunny/clear', '', 0, 0, 1, 1, 0, 0, 5, 0, 0, 0),
(115, 115, 'Partly cloudy', '', 0, 0, 1, 1, 1, 0, 0, 0, 0, 0),
(116, 116, 'Rainy', '', 0, 0, 1, 1, 0, 0, 0, 0, 1, 0),
(117, 117, 'Rainy', '', 0, 0, 1, 1, 0, 0, 0, 0, 0, 0),
(118, 118, 'Rainy', '', 0, 0, 1, 1, 0, 0, 0, 0, 1, 0),
(119, 119, 'Rainy', '', 0, 0, 1, 1, 0, 0, 0, 0, 0, 0),
(120, 120, 'Rainy', '', 0, 0, 1, 1, 0, 0, 0, 0, 1, 0),
(121, 121, 'Rainy', 'Windy', 0, 0, 1, 1, 0, 0, 0, 0, 0, 0),
(122, 122, 'Windy', 'Cloudy', 0, 0, 1, 1, 1, 0, 0, 0, 0, 0),
(123, 123, 'Rainy', 'Windy', 0, 0, 1, 1, 0, 0, 5, 0, 1, 0),
(124, 124, 'Snow', 'Windy', 0, 0, 1, 1, 0, 3, 0, 0, 1, 0),
(125, 125, 'Rainy', '', 0, 0, 1, 1, 0, 2, 0, 0, 1, 0),
(126, 126, 'Sunny/clear', '', 0, 0, 1, 1, 0, 0, 0, 0, 1, 0),
(127, 127, 'Rainy', '', 0, 0, 1, 1, 0, 0, 5, 0, 1, 0),
(128, 128, 'Partly cloudy', '', 0, 0, 1, 1, 1, 0, 0, 0, 0, 0),
(129, 129, 'Rainy', '', 0, 0, 1, 1, 0, 1, 0, 1, 1, 0),
(130, 130, 'Rainy', 'Windy', 0, 0, 1, 1, 0, 0, 0, 1, 0, 0),
(131, 131, 'Rainy', 'Snow', 0, 0, 1, 1, 0, 0, 10, 0, 0, 0),
(132, 132, 'Partly cloudy', '', 0, 0, 1, 1, 0, 0, 0, 0, 0, 0),
(133, 133, 'Partly cloudy', '', 0, 0, 1, 1, 0, 0, 5, 0, 1, 0),
(134, 134, 'Rainy', '', 0, 0, 1, 1, 0, 0, 0, 0, 0, 0),
(135, 135, 'Rainy', '', 0, 0, 1, 1, 0, 3, 0, 0, 0, 0),
(136, 136, 'Sunny/clear', '', 0, 0, 1, 1, 0, 0, 0, 0, 0, 0),
(137, 137, 'Partly cloudy', '', 0, 0, 1, 1, 0, 0, 10, 0, 0, 0),
(
    138,
    138,
    'Partly cloudy',
    'Rainy',
    0,
    0,
    1,
    1,
    0,
    0,
    5,
    0,
    1,
    0
  ),
(
    139,
    139,
    'Partly cloudy',
    'Rainy',
    0,
    0,
    1,
    1,
    0,
    0,
    0,
    0,
    0,
    0
  ),
(
    140,
    140,
    'Partly cloudy',
    'Rainy',
    0,
    0,
    1,
    1,
    0,
    0,
    5,
    0,
    1,
    0
  ),
(
    141,
    141,
    'Partly cloudy',
    'Rainy',
    0,
    0,
    1,
    1,
    0,
    0,
    0,
    0,
    0,
    0
  ),
(
    142,
    142,
    'Partly cloudy',
    'Windy',
    0,
    0,
    1,
    1,
    0,
    0,
    10,
    0,
    0,
    0
  ),
(143, 143, 'Partly cloudy', '', 0, 0, 1, 1, 0, 0, 10, 0, 0, 0),
(144, 144, 'Snow', 'Windy', 1, 1, 1, 0, 0, 0, 0, 0, 0, 0),
(145, 145, 'Rainy', 'Windy', 1, 1, 1, 0, 0, 0, 0, 0, 0, 0),
(
    146,
    146,
    'Sunny/clear',
    'Windy',
    1,
    1,
    1,
    0,
    0,
    0,
    0,
    0,
    0,
    0
  ),
(147, 147, 'Windy', '', 0, 0, 1, 1, 0, 0, 10, 0, 0, 0),
(148, 148, 'Windy', '', 0, 0, 1, 1, 0, 0, 0, 0, 0, 0),
(149, 149, 'Windy', '', 0, 0, 1, 1, 0, 0, 0, 0, 0, 0),
(150, 150, 'Windy', '', 1, 0, 1, 0, 0, 0, 0, 0, 0, 0),
(151, 151, 'Windy', '', 2, 0, 0, 0, 0, 0, 0, 0, 0, 0),
(152, 152, 'Sunny/clear', '', 0, 0, 1, 1, 0, 0, 5, 0, 1, 0),
(153, 153, 'Sunny/clear', '', 0, 0, 1, 1, 0, 0, 0, 0, 0, 0),
(154, 154, 'Sunny/clear', '', 0, 0, 1, 1, 0, 0, 0, 0, 0, 0),
(155, 155, 'Sunny/clear', '', 0, 0, 1, 1, 0, 0, 5, 0, 1, 0),
(156, 156, 'Sunny/clear', '', 0, 0, 1, 1, 0, 0, 0, 0, 0, 0),
(157, 157, 'Sunny/clear', '', 0, 0, 1, 1, 0, 0, 0, 0, 0, 0),
(158, 158, 'Rainy', '', 0, 0, 1, 1, 0, 0, 5, 0, 1, 0),
(159, 159, 'Rainy', '', 0, 0, 1, 1, 0, 0, 0, 0, 0, 0),
(160, 160, 'Rainy', '', 0, 0, 1, 1, 0, 0, 0, 0, 0, 0),
(161, 161, 'Partly cloudy', '', 0, 0, 1, 1, 0, 0, 0, 0, 1, 0),
(162, 162, 'Partly cloudy', '', 0, 0, 1, 1, 0, 0, 0, 0, 0, 0),
(
    163,
    163,
    'Partly cloudy',
    'Windy',
    0,
    0,
    1,
    1,
    0,
    0,
    0,
    0,
    1,
    0
  ),
(
    164,
    164,
    'Partly cloudy',
    'Windy',
    0,
    0,
    1,
    1,
    0,
    0,
    0,
    0,
    0,
    0
  ),
(165, 165, 'Rainy', 'Windy', 0, 0, 1, 1, 0, 0, 0, 0, 1, 0),
(166, 166, 'Rainy', 'Windy', 0, 0, 1, 1, 0, 0, 0, 0, 0, 0),
(167, 167, 'Rainy', 'Cloudy', 0, 0, 1, 1, 0, 0, 0, 0, 1, 0),
(168, 168, 'Rainy', 'Cloudy', 0, 0, 1, 1, 0, 0, 0, 0, 0, 0),
(169, 169, 'Cloudy', 'Windy', 0, 0, 1, 1, 0, 0, 0, 0, 0, 0),
(170, 170, 'Rainy', '', 0, 0, 1, 1, 0, 0, 5, 0, 1, 0),
(171, 171, 'Rainy', '', 0, 0, 1, 1, 0, 0, 0, 0, 0, 0),
(172, 172, 'Rainy', '', 0, 0, 1, 0, 0, 0, 2, 1, 0, 0),
(173, 173, 'Cloudy', '', 0, 0, 1, 0, 0, 0, 2, 0, 0, 0),
(
    174,
    174,
    'Partly cloudy',
    'Cloudy',
    0,
    0,
    1,
    0,
    0,
    0,
    2,
    0,
    0,
    0
  ),
(175, 175, 'Cloudy', '', 0, 0, 1, 0, 0, 0, 2, 0, 0, 0),
(176, 176, 'Cloudy', 'Windy', 0, 0, 1, 1, 0, 0, 0, 0, 0, 0),
(177, 177, 'Windy', '', 0, 0, 1, 1, 0, 0, 0, 0, 1, 0),
(178, 178, 'Windy', '', 0, 0, 1, 1, 0, 0, 0, 0, 0, 0),
(179, 179, 'Rainy', '', 0, 0, 1, 1, 0, 0, 10, 0, 0, 0),
(180, 180, 'Rainy', '', 0, 0, 1, 1, 0, 0, 0, 0, 0, 0),
(181, 181, 'Rainy', '', 0, 0, 1, 1, 0, 0, 0, 0, 0, 0),
(182, 182, 'Sunny/clear', '', 0, 0, 1, 0, 0, 0, 0, 0, 0, 0),
(183, 183, 'Rainy', 'Cloudy', 0, 0, 1, 1, 0, 0, 0, 0, 1, 0),
(184, 184, 'Rainy', 'Cloudy', 0, 0, 1, 1, 0, 0, 0, 0, 0, 0),
(185, 185, 'Partly cloudy', '', 0, 0, 1, 1, 0, 0, 10, 0, 0, 0),
(186, 186, 'Rainy', '', 0, 0, 1, 1, 0, 0, 0, 0, 0, 0),
(
    187,
    187,
    'Sunny/clear',
    'Windy',
    0,
    0,
    1,
    1,
    0,
    0,
    0,
    0,
    1,
    0
  ),
(
    188,
    188,
    'Sunny/clear',
    'Windy',
    0,
    0,
    1,
    1,
    0,
    0,
    0,
    0,
    0,
    0
  ),
(
    189,
    189,
    'Sunny/clear',
    'Windy',
    0,
    0,
    1,
    1,
    0,
    0,
    0,
    0,
    0,
    0
  ),
(190, 190, 'Partly cloudy', '', 0, 0, 1, 1, 0, 0, 0, 0, 1, 0),
(191, 191, 'Sunny/clear', '', 0, 0, 1, 1, 0, 0, 0, 0, 1, 0),
(192, 192, 'Sunny/clear', '', 0, 0, 1, 1, 0, 0, 0, 0, 0, 0),
(193, 193, 'Rainy', 'Windy', 0, 0, 1, 1, 0, 0, 0, 0, 1, 0),
(
    194,
    194,
    'Rainy',
    'Sunny/clear',
    0,
    0,
    1,
    1,
    0,
    0,
    0,
    0,
    1,
    0
  ),
(
    195,
    195,
    'Rainy',
    'Sunny/clear',
    0,
    0,
    1,
    1,
    0,
    0,
    0,
    0,
    0,
    0
  ),
(196, 196, 'Windy', '', 0, 0, 1, 0, 0, 0, 0, 0, 0, 0),
(197, 197, 'Fog', '', 0, 0, 1, 0, 0, 0, 0, 0, 0, 0),
(198, 198, 'Fog', 'Windy', 0, 0, 1, 1, 0, 0, 0, 0, 1, 0),
(199, 199, 'Rainy', 'Windy', 0, 0, 1, 1, 0, 0, 0, 0, 0, 0),
(200, 200, 'Fog', '', 0, 0, 1, 1, 0, 0, 0, 0, 1, 0),
(201, 201, 'Windy', '', 0, 0, 1, 1, 0, 0, 0, 0, 0, 0),
(202, 202, 'Windy', '', 0, 0, 1, 1, 0, 0, 0, 0, 1, 0),
(
    203,
    203,
    'Partly cloudy',
    'Windy',
    0,
    0,
    1,
    1,
    0,
    0,
    5,
    0,
    1,
    0
  ),
(204, 204, 'Rainy', '', 0, 0, 1, 1, 0, 0, 5, 0, 0, 0),
(205, 205, 'Rainy', 'Snow', 0, 0, 1, 1, 0, 0, 0, 0, 0, 0),
(206, 206, 'Partly cloudy', '', 0, 0, 1, 1, 0, 0, 5, 0, 1, 0),
(
    207,
    207,
    'Sunny/clear',
    'Windy',
    0,
    0,
    1,
    1,
    0,
    0,
    5,
    0,
    0,
    0
  ),
(208, 208, 'Snow', 'Sunny/clear', 0, 0, 1, 0, 0, 0, 0, 0, 0, 0),
(209, 209, 'Cloudy', '', 0, 0, 1, 1, 0, 0, 0, 0, 1, 0),
(210, 210, 'Cloudy', '', 0, 0, 1, 1, 0, 0, 0, 0, 0, 0),
(211, 211, 'Rainy', 'Cloudy', 0, 0, 1, 1, 0, 0, 0, 0, 1, 0),
(212, 212, 'Rainy', 'Snow', 0, 0, 1, 0, 0, 0, 0, 0, 0, 0),
(
    213,
    213,
    'Rainy',
    'Partly cloudy',
    0,
    0,
    1,
    1,
    0,
    0,
    5,
    0,
    1,
    0
  ),
(214, 214, 'Rainy', 'Cloudy', 0, 0, 1, 1, 1, 0, 0, 0, 0, 0),
(215, 215, 'Fog', 'Snow', 0, 0, 1, 0, 0, 0, 5, 0, 1, 0),
(216, 216, 'Partly cloudy', '', 0, 0, 1, 1, 0, 0, 5, 0, 1, 0),
(217, 217, 'Partly cloudy', '', 0, 0, 1, 1, 0, 0, 0, 0, 0, 0),
(218, 218, 'Sunny/clear', '', 0, 0, 1, 1, 0, 0, 0, 0, 1, 0),
(
    219,
    219,
    'Sunny/clear',
    'Partly cloudy',
    0,
    0,
    1,
    1,
    0,
    0,
    0,
    0,
    0,
    0
  ),
(220, 220, 'Snow', 'Sunny/clear', 0, 0, 1, 1, 0, 0, 0, 0, 1, 0),
(221, 221, 'Snow', 'Sunny/clear', 0, 0, 1, 1, 0, 2, 0, 0, 0, 0),
(
    222,
    222,
    'Rainy',
    'Partly cloudy',
    0,
    0,
    1,
    1,
    1,
    0,
    0,
    0,
    0,
    0
  ),
(223, 223, 'Rainy', '', 0, 0, 1, 1, 0, 0, 2, 0, 1, 0),
(224, 224, 'Rainy', '', 0, 0, 1, 1, 0, 0, 0, 0, 0, 0),
(225, 225, 'Snow', 'Windy', 0, 0, 1, 1, 0, 0, 0, 0, 0, 0),
(226, 226, 'Rainy', 'Windy', 0, 0, 1, 1, 0, 0, 5, 0, 0, 0),
(227, 227, 'Snow', 'Windy', 0, 0, 1, 1, 0, 0, 10, 0, 0, 0),
(228, 228, 'Fog', 'Sunny/clear', 0, 0, 1, 1, 0, 0, 5, 0, 1, 0),
(229, 229, 'Fog', 'Sunny/clear', 0, 0, 1, 1, 0, 0, 0, 0, 0, 0),
(230, 230, 'Rainy', 'Windy', 0, 0, 1, 1, 0, 0, 0, 0, 0, 0),
(231, 231, 'Sunny/clear', '', 0, 0, 1, 1, 0, 0, 5, 0, 0, 0),
(232, 232, 'Sunny/clear', '', 0, 0, 1, 1, 0, 0, 0, 0, 0, 0),
(233, 233, 'Partly cloudy', '', 0, 0, 1, 0, 0, 0, 0, 0, 0, 0),
(234, 234, 'Partly cloudy', '', 0, 0, 1, 1, 0, 0, 5, 0, 0, 0),
(235, 235, 'Partly cloudy', '', 0, 0, 0, 0, 0, 0, 0, 0, 0, 0),
(236, 236, 'Cloudy', '', 0, 0, 1, 0, 0, 0, 5, 0, 0, 0),
(237, 237, 'Cloudy', '', 0, 0, 1, 1, 0, 0, 0, 0, 0, 0),
(238, 238, 'Snow', 'Windy', 0, 0, 1, 0, 0, 0, 5, 0, 0, 0),
(239, 239, 'Rainy', '', 0, 0, 1, 0, 0, 0, 5, 0, 0, 0),
(240, 240, 'Sunny/clear', '', 0, 0, 1, 0, 0, 0, 5, 0, 0, 0),
(241, 241, 'Partly cloudy', '', 0, 0, 1, 1, 0, 0, 10, 0, 0, 0),
(242, 242, 'Partly cloudy', '', 0, 0, 1, 1, 0, 0, 0, 0, 0, 0),
(243, 243, 'Rainy', '', 1, 1, 1, 0, 0, 0, 0, 0, 0, 0),
(244, 244, 'Sunny/clear', '', 1, 1, 1, 0, 0, 0, 0, 0, 0, 0),
(245, 245, 'Rainy', '', 1, 1, 1, 0, 0, 0, 0, 0, 0, 0),
(
    246,
    246,
    'Partly cloudy',
    'Sunny/clear',
    0,
    0,
    1,
    1,
    0,
    0,
    10,
    0,
    0,
    0
  ),
(
    247,
    247,
    'Partly cloudy',
    'Sunny/clear',
    0,
    0,
    1,
    1,
    0,
    0,
    0,
    0,
    0,
    0
  ),
(
    248,
    248,
    'Partly cloudy',
    'Fog',
    0,
    0,
    1,
    1,
    0,
    4,
    0,
    0,
    0,
    0
  ),
(249, 249, 'Windy', '', 1, 1, 1, 0, 0, 5, 0, 1, 0, 0),
(
    250,
    250,
    'Sunny/clear',
    'Windy',
    1,
    1,
    1,
    0,
    0,
    0,
    0,
    0,
    0,
    0
  ),
(
    251,
    251,
    'Windy',
    'Sunny/clear',
    2,
    0,
    0,
    0,
    0,
    0,
    0,
    0,
    0,
    0
  ),
(252, 252, 'Sunny/clear', '', 0, 0, 1, 1, 0, 0, 5, 0, 1, 0),
(253, 253, 'Sunny/clear', '', 0, 0, 1, 1, 0, 0, 0, 0, 0, 0),
(254, 254, 'Sunny/clear', '', 0, 0, 1, 0, 0, 0, 0, 0, 0, 0),
(255, 255, 'Sunny/clear', '', 0, 0, 1, 1, 0, 0, 5, 0, 1, 0),
(
    256,
    256,
    'Sunny/clear',
    'Cloudy',
    0,
    0,
    1,
    1,
    0,
    0,
    0,
    0,
    0,
    0
  ),
(
    257,
    257,
    'Sunny/clear',
    'Cloudy',
    0,
    0,
    1,
    0,
    0,
    0,
    0,
    0,
    0,
    0
  ),
(258, 258, 'Rainy', '', 0, 0, 1, 1, 0, 0, 5, 0, 1, 0),
(
    259,
    259,
    'Rainy',
    'Sunny/clear',
    0,
    0,
    1,
    1,
    0,
    0,
    0,
    0,
    0,
    0
  ),
(
    260,
    260,
    'Rainy',
    'Sunny/clear',
    0,
    0,
    1,
    0,
    0,
    0,
    0,
    0,
    0,
    0
  ),
(261, 261, 'Fog', '', 0, 0, 1, 1, 0, 0, 2, 1, 1, 0),
(262, 262, 'Fog', '', 0, 0, 1, 1, 0, 0, 0, 1, 0, 0),
(263, 263, 'Partly cloudy', '', 0, 0, 1, 1, 0, 0, 2, 0, 1, 0),
(264, 264, 'Partly cloudy', '', 0, 0, 1, 1, 0, 0, 0, 0, 0, 0),
(265, 265, 'Rainy', '', 0, 0, 1, 1, 0, 0, 2, 0, 1, 0),
(266, 266, 'Rainy', '', 0, 0, 1, 0, 0, 0, 0, 0, 0, 0),
(267, 267, 'Rainy', 'Windy', 0, 0, 1, 0, 0, 0, 0, 0, 0, 0),
(268, 268, 'Rainy', '', 0, 0, 1, 0, 0, 0, 0, 0, 0, 0),
(269, 269, 'Rainy', 'Cloudy', 0, 0, 1, 0, 0, 0, 0, 0, 0, 0),
(
    270,
    270,
    'Rainy',
    'Sunny/clear',
    0,
    0,
    1,
    1,
    0,
    0,
    5,
    0,
    0,
    0
  ),
(
    271,
    271,
    'Rainy',
    'Sunny/clear',
    0,
    0,
    1,
    1,
    0,
    0,
    0,
    0,
    0,
    0
  ),
(
    272,
    272,
    'Rainy',
    'Sunny/clear',
    0,
    0,
    1,
    0,
    0,
    0,
    0,
    0,
    0,
    0
  ),
(273, 273, 'Sunny/clear', '', 0, 0, 1, 1, 0, 0, 5, 0, 1, 0),
(274, 274, 'Sunny/clear', 'Fog', 0, 0, 1, 1, 0, 0, 0, 0, 0, 0),
(275, 275, 'Sunny/clear', 'Fog', 0, 0, 1, 0, 0, 0, 0, 0, 0, 0),
(
    276,
    276,
    'Partly cloudy',
    'Windy',
    0,
    0,
    3,
    1,
    0,
    0,
    0,
    0,
    1,
    1
  ),
(
    277,
    277,
    'Partly cloudy',
    'Windy',
    0,
    0,
    3,
    1,
    0,
    0,
    0,
    0,
    0,
    1
  ),
(278, 278, 'Rainy', 'Windy', 0, 0, 3, 1, 0, 0, 0, 0, 1, 1),
(279, 279, 'Rainy', 'Windy', 0, 0, 3, 1, 0, 0, 0, 0, 0, 1),
(280, 280, 'Windy', 'Cloudy', 0, 0, 1, 1, 0, 0, 10, 0, 0, 0),
(281, 281, 'Windy', 'Cloudy', 0, 0, 1, 1, 0, 0, 0, 0, 0, 0),
(282, 282, 'Windy', 'Cloudy', 0, 0, 1, 0, 0, 0, 0, 0, 0, 0),
(283, 283, 'Rainy', '', 0, 0, 3, 1, 0, 0, 0, 0, 1, 1),
(284, 284, 'Rainy', 'Windy', 0, 0, 3, 1, 0, 0, 0, 0, 0, 1),
(285, 285, 'Sunny/clear', '', 0, 0, 1, 1, 0, 0, 5, 0, 1, 0),
(
    286,
    286,
    'Sunny/clear',
    'Cloudy',
    0,
    0,
    1,
    1,
    0,
    0,
    0,
    0,
    0,
    0
  ),
(287, 287, 'Partly cloudy', '', 0, 0, 1, 1, 0, 0, 10, 0, 0, 0),
(288, 288, 'Partly cloudy', '', 0, 0, 1, 1, 0, 0, 0, 0, 0, 0),
(289, 289, 'Partly cloudy', '', 0, 0, 1, 0, 0, 0, 0, 0, 0, 0),
(
    290,
    290,
    'Rainy',
    'Sunny/clear',
    0,
    0,
    0,
    0,
    0,
    0,
    0,
    0,
    0,
    0
  ),
(291, 291, 'Rainy', 'Windy', 0, 0, 0, 0, 0, 0, 0, 0, 0, 0),
(292, 292, 'Rainy', 'Fog', 0, 0, 0, 0, 0, 0, 0, 0, 0, 0),
(293, 293, 'Partly cloudy', '', 0, 0, 2, 1, 0, 0, 2, 0, 1, 0),
(294, 294, 'Partly cloudy', '', 0, 0, 2, 1, 0, 0, 0, 0, 0, 0),
(295, 295, 'Partly cloudy', '', 0, 0, 2, 0, 0, 0, 0, 0, 0, 0),
(296, 296, 'Cloudy', '', 0, 0, 1, 1, 0, 0, 5, 0, 1, 0),
(297, 297, 'Cloudy', '', 0, 0, 1, 1, 0, 0, 0, 0, 0, 0),
(
    298,
    298,
    'Partly cloudy',
    'Cloudy',
    0,
    0,
    1,
    0,
    0,
    0,
    5,
    0,
    0,
    0
  ),
(299, 299, 'Partly cloudy', '', 0, 0, 2, 1, 0, 0, 5, 0, 1, 0),
(300, 300, 'Partly cloudy', '', 0, 0, 1, 1, 0, 0, 5, 0, 1, 0),
(301, 301, 'Partly cloudy', '', 0, 0, 1, 1, 0, 0, 0, 0, 0, 0),
(302, 302, 'Fog', '', 0, 0, 1, 1, 0, 2, 0, 1, 0, 0),
(303, 303, 'Snow', 'Cloudy', 0, 0, 1, 0, 0, 2, 0, 1, 0, 0),
(
    304,
    304,
    'Snow',
    'Partly cloudy',
    0,
    0,
    2,
    1,
    0,
    0,
    2,
    1,
    1,
    0
  ),
(
    305,
    305,
    'Snow',
    'Partly cloudy',
    0,
    0,
    2,
    1,
    0,
    0,
    0,
    1,
    0,
    0
  ),
(
    306,
    306,
    'Snow',
    'Partly cloudy',
    0,
    0,
    2,
    0,
    0,
    4,
    0,
    1,
    0,
    0
  ),
(307, 307, 'Cloudy', 'Windy', 0, 0, 1, 1, 0, 0, 0, 0, 1, 0),
(308, 308, 'Cloudy', 'Windy', 0, 0, 1, 0, 0, 0, 0, 0, 0, 0),
(309, 309, 'Rainy', '', 0, 0, 1, 1, 0, 0, 0, 0, 1, 0),
(310, 310, 'Rainy', '', 0, 0, 1, 0, 0, 2, 0, 0, 0, 0),
(311, 311, 'Rainy', '', 0, 0, 1, 1, 0, 0, 0, 0, 0, 0),
(312, 312, 'Rainy', '', 0, 0, 1, 1, 0, 0, 0, 0, 0, 0),
(313, 313, 'Rainy', '', 0, 0, 3, 1, 1, 0, 0, 0, 0, 1),
(314, 314, 'Rainy', '', 0, 0, 3, 1, 1, 0, 0, 0, 0, 1),
(
    315,
    315,
    'Sunny/clear',
    'Cloudy',
    0,
    0,
    1,
    1,
    0,
    0,
    0,
    0,
    0,
    0
  ),
(316, 316, 'Cloudy', '', 0, 0, 1, 1, 0, 0, 2, 0, 1, 0),
(317, 317, 'Cloudy', '', 0, 0, 1, 1, 0, 0, 0, 0, 0, 0),
(318, 318, 'Rainy', 'Fog', 0, 0, 1, 1, 0, 0, 5, 0, 1, 0),
(319, 319, 'Rainy', 'Fog', 0, 0, 1, 1, 0, 0, 0, 0, 0, 0),
(320, 320, 'Rainy', '', 0, 0, 1, 1, 0, 1, 2, 0, 1, 0),
(321, 321, 'Rainy', '', 0, 0, 1, 1, 0, 0, 0, 0, 0, 0),
(322, 322, 'Sunny/clear', '', 0, 0, 2, 1, 0, 0, 5, 0, 1, 0),
(323, 323, 'Sunny/clear', '', 0, 0, 2, 1, 0, 0, 0, 0, 0, 0),
(324, 324, 'Sunny/clear', '', 0, 0, 2, 1, 1, 0, 0, 0, 0, 0),
(325, 325, 'Windy', '', 0, 0, 1, 1, 0, 0, 2, 0, 1, 0),
(326, 326, 'Windy', '', 0, 0, 1, 1, 0, 0, 0, 0, 0, 0),
(327, 327, 'Partly cloudy', '', 0, 0, 0, 0, 0, 0, 0, 0, 0, 0),
(328, 328, 'Sunny/clear', '', 0, 0, 2, 1, 0, 0, 10, 0, 0, 0),
(
    329,
    329,
    'Sunny/clear',
    'Windy',
    0,
    0,
    2,
    1,
    0,
    0,
    0,
    0,
    0,
    0
  ),
(
    330,
    330,
    'Sunny/clear',
    'Windy',
    0,
    0,
    2,
    0,
    0,
    0,
    0,
    0,
    0,
    0
  ),
(331, 331, 'Sunny/clear', '', 0, 0, 2, 1, 0, 0, 5, 0, 0, 0),
(332, 332, 'Sunny/clear', 'Fog', 0, 0, 2, 1, 0, 0, 0, 0, 0, 0),
(
    333,
    333,
    'Partly cloudy',
    'Windy',
    0,
    0,
    3,
    1,
    0,
    1,
    0,
    1,
    1,
    1
  ),
(334, 334, 'Windy', '', 0, 0, 3, 0, 0, 0, 0, 1, 0, 1),
(335, 335, 'Partly cloudy', '', 0, 0, 1, 1, 1, 0, 0, 0, 0, 0),
(336, 336, 'Cloudy', '', 0, 0, 1, 1, 1, 0, 0, 0, 0, 0),
(
    337,
    337,
    'Partly cloudy',
    'Windy',
    0,
    0,
    2,
    1,
    0,
    0,
    0,
    0,
    0,
    0
  ),
(
    338,
    338,
    'Partly cloudy',
    'Windy',
    0,
    0,
    2,
    1,
    0,
    0,
    0,
    0,
    0,
    0
  ),
(
    339,
    339,
    'Rainy',
    'Sunny/clear',
    0,
    0,
    1,
    1,
    0,
    0,
    2,
    0,
    1,
    0
  ),
(
    340,
    340,
    'Rainy',
    'Sunny/clear',
    0,
    0,
    1,
    1,
    0,
    0,
    0,
    0,
    0,
    0
  ),
(341, 341, 'Rainy', '', 0, 0, 1, 1, 0, 0, 5, 0, 1, 0),
(342, 342, 'Rainy', 'Fog', 0, 0, 1, 1, 0, 0, 0, 0, 0, 0),
(
    343,
    343,
    'Sunny/clear',
    'Windy',
    0,
    0,
    2,
    1,
    0,
    0,
    5,
    0,
    1,
    0
  ),
(
    344,
    344,
    'Sunny/clear',
    'Windy',
    0,
    0,
    2,
    1,
    0,
    0,
    0,
    0,
    0,
    0
  ),
(
    345,
    345,
    'Partly cloudy',
    'Sunny/clear',
    0,
    0,
    2,
    1,
    0,
    0,
    5,
    0,
    0,
    0
  ),
(
    346,
    346,
    'Partly cloudy',
    'Sunny/clear',
    0,
    0,
    2,
    1,
    0,
    0,
    0,
    0,
    0,
    0
  ),
(
    347,
    347,
    'Partly cloudy',
    'Rainy',
    0,
    0,
    2,
    1,
    0,
    0,
    5,
    0,
    0,
    0
  ),
(
    348,
    348,
    'Partly cloudy',
    'Rainy',
    0,
    0,
    2,
    1,
    0,
    0,
    0,
    0,
    0,
    0
  ),
(349, 349, 'Rainy', '', 0, 0, 1, 1, 0, 0, 10, 0, 0, 0),
(350, 350, 'Rainy', '', 0, 0, 1, 0, 0, 0, 0, 0, 0, 0),
(351, 351, 'Partly cloudy', '', 0, 0, 3, 1, 0, 0, 0, 0, 0, 1),
(352, 352, 'Partly cloudy', '', 0, 0, 0, 0, 0, 0, 0, 0, 0, 0),
(353, 353, 'Fog', '', 0, 0, 1, 1, 0, 0, 5, 1, 1, 0),
(354, 354, 'Fog', '', 0, 0, 1, 1, 0, 0, 0, 1, 0, 0),
(355, 355, 'Fog', '', 0, 0, 1, 1, 0, 0, 5, 1, 1, 0),
(356, 356, 'Fog', '', 0, 0, 1, 1, 0, 0, 0, 1, 0, 0),
(
    357,
    357,
    'Sunny/clear',
    'Windy',
    0,
    0,
    3,
    1,
    1,
    0,
    0,
    0,
    0,
    1
  ),
(358, 358, 'Windy', '', 0, 0, 3, 1, 0, 0, 0, 0, 0, 1),
(359, 359, 'Fog', '', 0, 0, 1, 0, 0, 4, 0, 1, 0, 0),
(360, 360, 'Windy', '', 0, 0, 1, 0, 0, 0, 5, 0, 0, 0),
(361, 361, 'Snow', '', 0, 0, 1, 1, 0, 1, 5, 1, 0, 0),
(362, 362, 'Snow', '', 0, 0, 1, 1, 0, 0, 0, 1, 0, 0),
(363, 363, 'Snow', 'Rainy', 0, 0, 1, 1, 0, 0, 5, 0, 1, 0),
(364, 364, 'Snow', 'Rainy', 0, 0, 1, 1, 0, 0, 0, 0, 0, 0),
(365, 365, 'Snow', 'Rainy', 0, 0, 1, 0, 0, 0, 0, 0, 0, 0),
(366, 366, 'Rainy', '', 0, 0, 0, 0, 0, 0, 0, 0, 0, 0),
(367, 367, 'Rainy', '', 0, 0, 0, 0, 0, 0, 0, 0, 0, 0),
(368, 368, 'Rainy', '', 0, 0, 0, 0, 0, 0, 0, 0, 0, 0),
(
    369,
    369,
    'Rainy',
    'Partly cloudy',
    0,
    0,
    1,
    1,
    1,
    0,
    0,
    0,
    0,
    0
  ),
(370, 370, 'Rainy', '', 0, 0, 1, 1, 0, 0, 0, 0, 1, 0),
(371, 371, 'Windy', '', 0, 0, 3, 1, 0, 0, 0, 0, 0, 1),
(372, 372, 'Windy', '', 0, 0, 3, 1, 0, 0, 0, 0, 0, 1),
(373, 373, 'Windy', '', 0, 0, 3, 0, 0, 0, 0, 0, 0, 1),
(374, 374, 'Snow', 'Windy', 0, 0, 3, 1, 0, 0, 0, 0, 0, 1),
(375, 375, 'Snow', 'Windy', 0, 0, 3, 1, 0, 0, 0, 0, 0, 1),
(376, 376, 'Snow', 'Windy', 0, 0, 3, 0, 0, 0, 0, 0, 0, 1),
(377, 377, 'Partly cloudy', '', 1, 0, 0, 0, 0, 0, 0, 0, 0, 0),
(378, 378, 'Snow', '', 1, 0, 0, 0, 0, 0, 0, 0, 0, 0),
(379, 379, 'Snow', '', 1, 0, 0, 0, 0, 0, 0, 0, 0, 0),
(380, 380, 'Windy', '', 1, 0, 0, 0, 0, 0, 0, 0, 0, 0),
(381, 381, 'Windy', '', 1, 0, 0, 0, 0, 0, 0, 0, 0, 0),
(382, 382, 'Rainy', '', 1, 0, 1, 0, 0, 0, 0, 0, 0, 0),
(383, 383, 'Sunny/clear', '', 1, 1, 1, 0, 0, 0, 0, 0, 0, 0),
(384, 384, 'Windy', '', 1, 0, 3, 0, 0, 0, 0, 0, 0, 1),
(385, 385, 'Snow', 'Windy', 2, 0, 0, 0, 0, 0, 0, 0, 0, 0),
(386, 386, 'Windy', '', 2, 0, 0, 0, 0, 0, 0, 0, 0, 0),
(387, 387, 'Windy', '', 2, 0, 0, 0, 0, 0, 0, 0, 0, 0),
(388, 388, 'Windy', '', 2, 0, 0, 0, 0, 0, 0, 0, 0, 0),
(389, 389, 'Windy', '', 2, 0, 0, 0, 0, 0, 0, 0, 0, 0),
(390, 390, 'Sunny/clear', '', 0, 0, 0, 0, 0, 0, 0, 0, 0, 0),
(391, 391, 'Sunny/clear', '', 0, 0, 0, 0, 0, 0, 0, 0, 0, 0),
(392, 392, 'Sunny/clear', '', 0, 0, 0, 0, 0, 0, 0, 0, 0, 0),
(393, 393, 'Sunny/clear', '', 0, 0, 0, 0, 0, 0, 0, 0, 0, 0),
(
    394,
    394,
    'Sunny/clear',
    'Cloudy',
    0,
    0,
    0,
    0,
    0,
    0,
    0,
    0,
    0,
    0
  ),
(
    395,
    395,
    'Sunny/clear',
    'Cloudy',
    0,
    0,
    0,
    0,
    0,
    0,
    0,
    0,
    0,
    0
  ),
(396, 396, 'Rainy', '', 0, 0, 0, 0, 0, 0, 0, 0, 0, 0),
(397, 397, 'Rainy', '', 0, 0, 0, 0, 0, 0, 0, 0, 0, 0),
(398, 398, 'Rainy', 'Snow', 0, 0, 0, 0, 0, 0, 0, 0, 0, 0),
(
    399,
    399,
    'Partly cloudy',
    'Windy',
    0,
    0,
    0,
    0,
    0,
    0,
    0,
    0,
    0,
    0
  ),
(
    400,
    400,
    'Partly cloudy',
    'Windy',
    0,
    0,
    0,
    0,
    0,
    0,
    0,
    0,
    0,
    0
  ),
(
    401,
    401,
    'Partly cloudy',
    'Windy',
    0,
    0,
    0,
    0,
    0,
    0,
    0,
    0,
    0,
    0
  ),
(402, 402, 'Partly cloudy', '', 0, 0, 0, 0, 0, 0, 0, 0, 0, 0),
(
    403,
    403,
    'Partly cloudy',
    'Rainy',
    0,
    0,
    0,
    0,
    0,
    0,
    0,
    0,
    0,
    0
  ),
(404, 404, 'Rainy', '', 0, 0, 0, 0, 0, 0, 0, 0, 0, 0),
(405, 405, 'Rainy', '', 0, 0, 0, 0, 0, 0, 0, 0, 0, 0),
(406, 406, 'Rainy', '', 0, 0, 0, 0, 0, 0, 0, 0, 0, 0),
(407, 407, 'Rainy', '', 0, 0, 0, 0, 0, 0, 0, 0, 0, 0),
(408, 408, 'Rainy', '', 0, 0, 0, 0, 0, 0, 0, 0, 0, 0),
(
    409,
    409,
    'Sunny/clear',
    'Cloudy',
    0,
    0,
    0,
    0,
    0,
    0,
    0,
    0,
    0,
    0
  ),
(
    410,
    410,
    'Sunny/clear',
    'Cloudy',
    0,
    0,
    0,
    0,
    0,
    0,
    0,
    0,
    0,
    0
  ),
(411, 411, 'Partly cloudy', '', 0, 0, 0, 0, 0, 0, 0, 0, 0, 0),
(412, 412, 'Partly cloudy', '', 0, 0, 0, 0, 0, 0, 0, 0, 0, 0),
(
    413,
    413,
    'Partly cloudy',
    'Snow',
    0,
    0,
    0,
    0,
    0,
    0,
    0,
    0,
    0,
    0
  ),
(
    414,
    414,
    'Partly cloudy',
    'Snow',
    0,
    0,
    0,
    0,
    0,
    0,
    0,
    0,
    0,
    0
  ),
(415, 415, 'Rainy', '', 0, 0, 0, 0, 0, 0, 0, 0, 0, 0),
(416, 415, 'Rainy', '', 0, 0, 0, 0, 0, 0, 0, 0, 0, 0),
(417, 415, 'Rainy', '', 0, 0, 0, 0, 0, 0, 0, 0, 0, 0),
(
    418,
    418,
    'Rainy',
    'Sunny/clear',
    0,
    0,
    0,
    0,
    0,
    0,
    0,
    0,
    0,
    0
  ),
(
    419,
    419,
    'Rainy',
    'Sunny/clear',
    0,
    0,
    0,
    0,
    0,
    0,
    0,
    0,
    0,
    0
  ),
(
    420,
    420,
    'Rainy',
    'Sunny/clear',
    0,
    0,
    0,
    0,
    0,
    0,
    0,
    0,
    0,
    0
  ),
(421, 421, 'Rainy', 'Windy', 0, 0, 0, 0, 0, 0, 0, 0, 0, 0),
(422, 422, 'Rainy', 'Windy', 0, 0, 0, 0, 0, 0, 0, 0, 0, 0),
(423, 423, 'Rainy', 'Windy', 0, 0, 0, 0, 0, 0, 0, 0, 0, 0),
(424, 424, 'Rainy', '', 0, 0, 0, 0, 0, 0, 0, 0, 0, 0),
(425, 425, 'Rainy', '', 0, 0, 0, 0, 0, 0, 0, 0, 0, 0),
(426, 426, 'Rainy', '', 0, 0, 0, 0, 0, 0, 0, 0, 0, 0),
(427, 427, 'Sunny/clear', '', 0, 0, 0, 0, 0, 0, 0, 0, 0, 0),
(428, 428, 'Sunny/clear', '', 0, 0, 0, 0, 0, 0, 0, 0, 0, 0),
(429, 429, 'Rainy', '', 0, 0, 0, 0, 0, 0, 0, 0, 0, 0),
(
    430,
    430,
    'Rainy',
    'Sunny/clear',
    0,
    0,
    0,
    0,
    0,
    0,
    0,
    0,
    0,
    0
  ),
(431, 431, 'Partly cloudy', '', 0, 0, 0, 0, 0, 0, 0, 0, 0, 0),
(432, 432, 'Fog', 'Windy', 0, 0, 0, 0, 0, 0, 0, 0, 0, 0),
(433, 433, 'Fog', 'Windy', 0, 0, 0, 0, 0, 0, 0, 0, 0, 0),
(434, 434, 'Partly cloudy', '', 0, 0, 0, 0, 0, 0, 0, 0, 0, 0),
(435, 435, 'Partly cloudy', '', 0, 0, 0, 0, 0, 0, 0, 0, 0, 0),
(436, 436, 'Fog', '', 0, 0, 0, 0, 0, 0, 0, 0, 0, 0),
(437, 437, 'Fog', 'Windy', 0, 0, 0, 0, 0, 0, 0, 0, 0, 0),
(438, 438, 'Partly cloudy', '', 0, 0, 0, 0, 0, 0, 0, 0, 0, 0),
(439, 439, 'Partly cloudy', '', 0, 0, 0, 0, 0, 0, 0, 0, 0, 0),
(440, 440, 'Windy', '', 0, 0, 0, 0, 0, 0, 0, 0, 0, 0),
(441, 441, 'Cloudy', 'Fog', 0, 0, 0, 0, 0, 0, 0, 0, 0, 0),
(442, 442, 'Cloudy', 'Fog', 0, 0, 0, 0, 0, 0, 0, 0, 0, 0),
(443, 443, 'Snow', 'Windy', 0, 0, 0, 0, 0, 0, 0, 0, 0, 0),
(444, 444, 'Snow', 'Windy', 0, 0, 0, 0, 0, 0, 0, 0, 0, 0),
(445, 445, 'Partly cloudy', '', 0, 0, 0, 0, 0, 0, 0, 0, 0, 0),
(446, 446, 'Windy', 'Cloudy', 0, 0, 0, 0, 0, 0, 0, 0, 0, 0),
(447, 447, 'Partly cloudy', '', 0, 0, 0, 0, 0, 0, 0, 0, 0, 0),
(
    448,
    448,
    'Partly cloudy',
    'Windy',
    0,
    0,
    0,
    0,
    0,
    0,
    0,
    0,
    0,
    0
  ),
(449, 449, 'Fog', '', 0, 0, 0, 0, 0, 0, 0, 0, 0, 0),
(
    450,
    450,
    'Windy',
    'Sunny/clear',
    0,
    0,
    0,
    0,
    0,
    0,
    0,
    0,
    0,
    0
  ),
(
    451,
    451,
    'Windy',
    'Sunny/clear',
    0,
    0,
    0,
    0,
    0,
    0,
    0,
    0,
    0,
    0
  ),
(
    452,
    452,
    'Windy',
    'Sunny/clear',
    0,
    0,
    0,
    0,
    0,
    0,
    0,
    0,
    0,
    0
  ),
(453, 453, 'Partly cloudy', '', 0, 0, 0, 0, 0, 0, 0, 0, 0, 0),
(454, 454, 'Cloudy', '', 0, 0, 0, 0, 0, 0, 0, 0, 0, 0),
(455, 455, 'Cloudy', 'Snow', 0, 0, 0, 0, 0, 0, 0, 0, 0, 0),
(456, 456, 'Sunny/clear', '', 0, 0, 0, 0, 0, 0, 0, 0, 0, 0),
(457, 457, 'Sunny/clear', '', 0, 0, 0, 0, 0, 0, 0, 0, 0, 0),
(458, 458, 'Cloudy', 'Rainy', 0, 0, 0, 0, 0, 0, 0, 0, 0, 0),
(459, 459, 'Cloudy', 'Fog', 0, 0, 0, 0, 0, 0, 0, 0, 0, 0),
(460, 460, 'Cloudy', '', 0, 0, 0, 0, 0, 0, 0, 0, 0, 0),
(461, 461, 'Cloudy', '', 0, 0, 0, 0, 0, 0, 0, 0, 0, 0),
(462, 462, 'Sunny/clear', '', 0, 0, 0, 0, 0, 0, 0, 0, 0, 0),
(463, 463, 'Rainy', '', 0, 0, 0, 0, 0, 0, 0, 0, 0, 0),
(464, 464, 'Rainy', '', 0, 0, 0, 0, 0, 0, 0, 0, 0, 0),
(465, 465, 'Rainy', 'Windy', 0, 0, 0, 0, 0, 0, 0, 0, 0, 0),
(466, 466, 'Sunny/clear', 'Snow', 0, 0, 0, 0, 0, 0, 0, 0, 0, 0),
(467, 467, 'Sunny/clear', 'Snow', 0, 0, 0, 0, 0, 0, 0, 0, 0, 0),
(468, 468, 'Fog', 'Snow', 0, 0, 0, 0, 0, 0, 0, 0, 0, 0),
(469, 469, 'Rainy', 'Snow', 0, 0, 0, 0, 0, 0, 0, 0, 0, 0),
(470, 470, 'Partly cloudy', '', 0, 0, 0, 0, 0, 0, 0, 0, 0, 0),
(
    471,
    471,
    'Sunny/clear',
    'Partly cloudy',
    0,
    0,
    0,
    0,
    0,
    0,
    0,
    0,
    0,
    0
  ),
(472, 472, 'Sunny/clear', '', 0, 0, 0, 0, 0, 0, 0, 0, 0, 0),
(473, 473, 'Rainy', '', 0, 0, 0, 0, 0, 0, 0, 0, 0, 0),
(474, 474, 'Sunny/clear', '', 0, 0, 0, 0, 0, 0, 0, 0, 0, 0),
(475, 475, 'Cloudy', 'Windy', 0, 0, 0, 0, 0, 0, 0, 0, 0, 0),
(476, 476, 'Rainy', 'Windy', 0, 0, 0, 0, 0, 0, 0, 0, 0, 0),
(477, 477, 'Sunny/clear', '', 0, 0, 0, 0, 0, 0, 0, 0, 0, 0),
(478, 478, 'Snow', '', 0, 0, 0, 0, 0, 0, 0, 0, 0, 0),
(
    479,
    479,
    'Sunny/clear',
    'Windy',
    0,
    0,
    0,
    0,
    0,
    0,
    0,
    0,
    0,
    0
  ),
(480, 480, 'Snow', 'Sunny/clear', 0, 0, 0, 0, 0, 0, 0, 0, 0, 0),
(481, 481, 'Partly cloudy', '', 0, 0, 0, 0, 0, 0, 0, 0, 0, 0),
(482, 482, 'Windy', 'Cloudy', 0, 0, 0, 0, 0, 0, 0, 0, 0, 0),
(
    483,
    483,
    'Partly cloudy',
    'Snow',
    0,
    0,
    0,
    0,
    0,
    0,
    0,
    0,
    0,
    0
  ),
(484, 484, 'Fog', '', 0, 0, 0, 0, 0, 0, 0, 0, 0, 0),
(485, 485, 'Snow', 'Fog', 0, 0, 0, 0, 0, 0, 0, 0, 0, 0),
(486, 486, 'Rainy', 'Fog', 0, 0, 0, 0, 0, 0, 0, 0, 0, 0),
(487, 487, 'Rainy', 'Fog', 0, 0, 0, 0, 0, 0, 0, 0, 0, 0),
(488, 488, 'Rainy', 'Fog', 0, 0, 0, 0, 0, 0, 0, 0, 0, 0),
(489, 489, 'Rainy', 'Fog', 0, 0, 0, 0, 0, 0, 0, 0, 0, 0),
(490, 490, 'Rainy', 'Fog', 0, 0, 0, 0, 0, 0, 0, 0, 0, 0),
(491, 491, 'Rainy', 'Fog', 0, 0, 0, 0, 0, 0, 0, 0, 0, 0),
(492, 492, 'Windy', '', 1, 0, 0, 0, 0, 0, 0, 0, 0, 0),
(493, 493, 'Windy', '', 1, 0, 0, 0, 0, 0, 0, 0, 0, 0),
(494, 494, 'Windy', '', 1, 0, 0, 0, 0, 0, 0, 0, 0, 0),
(495, 495, 'Snow', 'Windy', 1, 0, 0, 0, 0, 0, 0, 0, 0, 0),
(496, 496, 'Rainy', 'Windy', 1, 0, 0, 0, 0, 0, 0, 0, 0, 0),
(497, 497, 'Sunny/clear', 'Snow', 1, 0, 0, 0, 0, 0, 0, 0, 0, 0),
(498, 498, 'Partly cloudy', '', 1, 0, 0, 0, 0, 0, 0, 0, 0, 0),
(499, 499, 'Fog', 'Windy', 1, 0, 0, 0, 0, 0, 0, 0, 0, 0),
(500, 500, 'Fog', 'Windy', 1, 0, 0, 0, 0, 0, 0, 0, 0, 0),
(501, 501, 'Windy', '', 1, 0, 0, 0, 0, 0, 0, 0, 0, 0),
(502, 502, 'Rainy', '', 2, 0, 0, 0, 0, 0, 0, 0, 0, 0),
(503, 503, 'Rainy', '', 2, 0, 0, 0, 0, 0, 0, 0, 0, 0),
(504, 504, 'Fog', '', 1, 0, 0, 0, 0, 0, 0, 0, 0, 0),
(505, 505, 'Sunny/clear', '', 1, 0, 0, 0, 0, 0, 0, 0, 0, 0),
(506, 506, 'Sunny/clear', '', 1, 0, 0, 0, 0, 0, 0, 0, 0, 0),
(507, 507, 'Partly cloudy', '', 1, 0, 0, 0, 0, 0, 0, 0, 0, 0),
(
    508,
    508,
    'Windy',
    'Sunny/clear',
    1,
    0,
    0,
    0,
    0,
    0,
    0,
    0,
    0,
    0
  ),
(509, 509, 'Sunny/clear', '', 0, 0, 0, 0, 0, 0, 0, 0, 0, 0),
(510, 510, 'Sunny/clear', '', 0, 0, 0, 0, 0, 0, 0, 0, 0, 0),
(511, 511, 'Sunny/clear', '', 0, 0, 0, 0, 0, 0, 0, 0, 0, 0),
(512, 512, 'Sunny/clear', '', 0, 0, 0, 0, 0, 0, 0, 0, 0, 0),
(
    513,
    513,
    'Sunny/clear',
    'Cloudy',
    0,
    0,
    0,
    0,
    0,
    0,
    0,
    0,
    0,
    0
  ),
(
    514,
    514,
    'Sunny/clear',
    'Cloudy',
    0,
    0,
    0,
    0,
    0,
    0,
    0,
    0,
    0,
    0
  ),
(515, 515, 'Rainy', '', 0, 0, 0, 0, 0, 0, 0, 0, 0, 0),
(516, 516, 'Rainy', '', 0, 0, 0, 0, 0, 0, 0, 0, 0, 0),
(517, 517, 'Rainy', '', 0, 0, 0, 0, 0, 0, 0, 0, 0, 0),
(518, 518, 'Partly cloudy', '', 0, 0, 0, 0, 0, 0, 0, 0, 0, 0),
(519, 519, 'Partly cloudy', '', 0, 0, 0, 0, 0, 0, 0, 0, 0, 0),
(520, 520, 'Partly cloudy', '', 0, 0, 0, 0, 0, 0, 0, 0, 0, 0),
(521, 521, 'Partly cloudy', '', 0, 0, 0, 0, 0, 0, 0, 0, 0, 0),
(522, 522, 'Partly cloudy', '', 0, 0, 0, 0, 0, 0, 0, 0, 0, 0),
(523, 523, 'Fog', '', 0, 0, 0, 0, 0, 0, 0, 0, 0, 0),
(524, 524, 'Fog', '', 0, 0, 0, 0, 0, 0, 0, 0, 0, 0),
(525, 525, 'Sunny/clear', '', 0, 0, 0, 0, 0, 0, 0, 0, 0, 0),
(526, 526, 'Sunny/clear', '', 0, 0, 0, 0, 0, 0, 0, 0, 0, 0),
(527, 527, 'Sunny/clear', '', 0, 0, 0, 0, 0, 0, 0, 0, 0, 0),
(528, 528, 'Sunny/clear', '', 0, 0, 0, 0, 0, 0, 0, 0, 0, 0),
(529, 529, 'Rainy', '', 0, 0, 0, 0, 0, 0, 0, 0, 0, 0),
(530, 530, 'Rainy', '', 0, 0, 0, 0, 0, 0, 0, 0, 0, 0),
(531, 531, 'Windy', '', 0, 0, 0, 0, 0, 0, 0, 0, 0, 0),
(532, 532, 'Windy', '', 0, 0, 0, 0, 0, 0, 0, 0, 0, 0),
(
    533,
    533,
    'Partly cloudy',
    'Windy',
    0,
    0,
    0,
    0,
    0,
    0,
    0,
    0,
    0,
    0
  ),
(
    534,
    534,
    'Partly cloudy',
    'Windy',
    0,
    0,
    0,
    0,
    0,
    0,
    0,
    0,
    0,
    0
  ),
(
    535,
    535,
    'Partly cloudy',
    'Windy',
    0,
    0,
    0,
    0,
    0,
    0,
    0,
    0,
    0,
    0
  ),
(536, 536, 'Rainy', '', 0, 0, 0, 0, 0, 0, 0, 0, 0, 0),
(537, 537, 'Rainy', '', 0, 0, 0, 0, 0, 0, 0, 0, 0, 0),
(538, 538, 'Partly cloudy', '', 0, 0, 0, 0, 0, 0, 0, 0, 0, 0),
(539, 539, 'Partly cloudy', '', 0, 0, 0, 0, 0, 0, 0, 0, 0, 0),
(540, 540, 'Partly cloudy', '', 0, 0, 0, 0, 0, 0, 0, 0, 0, 0),
(541, 541, 'Windy', '', 0, 0, 0, 0, 0, 0, 0, 0, 0, 0),
(542, 542, 'Windy', '', 0, 0, 0, 0, 0, 0, 0, 0, 0, 0),
(543, 543, 'Sunny/clear', '', 0, 0, 0, 0, 0, 0, 0, 0, 0, 0),
(544, 544, 'Sunny/clear', 'Snow', 0, 0, 0, 0, 0, 0, 0, 0, 0, 0),
(545, 545, 'Partly cloudy', '', 0, 0, 0, 0, 0, 0, 0, 0, 0, 0),
(546, 546, 'Cloudy', '', 0, 0, 0, 0, 0, 0, 0, 0, 0, 0),
(547, 547, 'Cloudy', '', 0, 0, 0, 0, 0, 0, 0, 0, 0, 0),
(548, 548, 'Cloudy', '', 0, 0, 0, 0, 0, 0, 0, 0, 0, 0),
(549, 549, 'Rainy', '', 0, 0, 0, 0, 0, 0, 0, 0, 0, 0),
(
    550,
    550,
    'Rainy',
    'Sunny/clear',
    0,
    0,
    0,
    0,
    0,
    0,
    0,
    0,
    0,
    0
  ),
(
    551,
    551,
    'Rainy',
    'Sunny/clear',
    0,
    0,
    0,
    0,
    0,
    0,
    0,
    0,
    0,
    0
  ),
(552, 552, 'Cloudy', '', 0, 0, 0, 0, 0, 0, 0, 0, 0, 0),
(553, 553, 'Cloudy', '', 0, 0, 0, 0, 0, 0, 0, 0, 0, 0),
(
    554,
    554,
    'Rainy',
    'Sunny/clear',
    0,
    0,
    0,
    0,
    0,
    0,
    0,
    0,
    0,
    0
  ),
(
    555,
    555,
    'Rainy',
    'Sunny/clear',
    0,
    0,
    0,
    0,
    0,
    0,
    0,
    0,
    0,
    0
  ),
(
    556,
    556,
    'Rainy',
    'Sunny/clear',
    0,
    0,
    0,
    0,
    0,
    0,
    0,
    0,
    0,
    0
  ),
(557, 557, 'Rainy', 'Cloudy', 0, 0, 0, 0, 0, 0, 0, 0, 0, 0),
(558, 558, 'Rainy', 'Cloudy', 0, 0, 0, 0, 0, 0, 0, 0, 0, 0),
(559, 559, 'Rainy', 'Cloudy', 0, 0, 0, 0, 0, 0, 0, 0, 0, 0),
(
    560,
    560,
    'Sunny/clear',
    'Cloudy',
    0,
    0,
    0,
    0,
    0,
    0,
    0,
    0,
    0,
    0
  ),
(
    561,
    561,
    'Sunny/clear',
    'Cloudy',
    0,
    0,
    0,
    0,
    0,
    0,
    0,
    0,
    0,
    0
  ),
(562, 562, 'Sunny/clear', '', 0, 0, 0, 0, 0, 0, 0, 0, 0, 0),
(563, 563, 'Sunny/clear', '', 0, 0, 0, 0, 0, 0, 0, 0, 0, 0),
(564, 564, 'Rainy', '', 0, 0, 0, 0, 0, 0, 0, 0, 0, 0),
(565, 565, 'Sunny/clear', 'Fog', 0, 0, 0, 0, 0, 0, 0, 0, 0, 0),
(566, 566, 'Sunny/clear', 'Fog', 0, 0, 0, 0, 0, 0, 0, 0, 0, 0),
(567, 567, 'Sunny/clear', 'Fog', 0, 0, 0, 0, 0, 0, 0, 0, 0, 0),
(568, 568, 'Sunny/clear', '', 0, 0, 0, 0, 0, 0, 0, 0, 0, 0),
(569, 569, 'Sunny/clear', '', 0, 0, 0, 0, 0, 0, 0, 0, 0, 0),
(570, 570, 'Sunny/clear', '', 0, 0, 0, 0, 0, 0, 0, 0, 0, 0),
(571, 571, 'Sunny/clear', '', 0, 0, 0, 0, 0, 0, 0, 0, 0, 0),
(
    572,
    572,
    'Rainy',
    'Partly cloudy',
    0,
    0,
    0,
    0,
    0,
    0,
    0,
    0,
    0,
    0
  ),
(
    573,
    573,
    'Rainy',
    'Partly cloudy',
    0,
    0,
    0,
    0,
    0,
    0,
    0,
    0,
    0,
    0
  ),
(574, 574, 'Fog', 'Cloudy', 0, 0, 0, 0, 0, 0, 0, 0, 0, 0),
(575, 575, 'Fog', 'Cloudy', 0, 0, 0, 0, 0, 0, 0, 0, 0, 0),
(576, 576, 'Windy', '', 0, 0, 0, 0, 0, 0, 0, 0, 0, 0),
(577, 577, 'Fog', '', 0, 0, 0, 0, 0, 0, 0, 0, 0, 0),
(578, 578, 'Fog', '', 0, 0, 0, 0, 0, 0, 0, 0, 0, 0),
(
    579,
    579,
    'Rainy',
    'Partly cloudy',
    0,
    0,
    0,
    0,
    0,
    0,
    0,
    0,
    0,
    0
  ),
(
    580,
    580,
    'Rainy',
    'Partly cloudy',
    0,
    0,
    0,
    0,
    0,
    0,
    0,
    0,
    0,
    0
  ),
(
    581,
    581,
    'Partly cloudy',
    'Windy',
    0,
    0,
    0,
    0,
    0,
    0,
    0,
    0,
    0,
    0
  ),
(
    582,
    582,
    'Partly cloudy',
    'Windy',
    0,
    0,
    0,
    0,
    0,
    0,
    0,
    0,
    0,
    0
  ),
(583, 583, 'Cloudy', '', 0, 0, 0, 0, 0, 0, 0, 0, 0, 0),
(584, 584, 'Cloudy', '', 0, 0, 0, 0, 0, 0, 0, 0, 0, 0),
(585, 585, 'Fog', '', 0, 0, 0, 0, 0, 0, 0, 0, 0, 0),
(586, 586, 'Fog', '', 0, 0, 0, 0, 0, 0, 0, 0, 0, 0),
(587, 587, 'Partly cloudy', '', 0, 0, 0, 0, 0, 0, 0, 0, 0, 0),
(588, 588, 'Partly cloudy', '', 0, 0, 0, 0, 0, 0, 0, 0, 0, 0),
(589, 589, 'Windy', '', 0, 0, 0, 0, 0, 0, 0, 0, 0, 0),
(590, 590, 'Windy', '', 0, 0, 0, 0, 0, 0, 0, 0, 0, 0),
(591, 591, 'Windy', '', 0, 0, 0, 0, 0, 0, 0, 0, 0, 0),
(592, 592, 'Windy', '', 0, 0, 0, 0, 0, 0, 0, 0, 0, 0),
(593, 593, 'Windy', '', 0, 0, 0, 0, 0, 0, 0, 0, 0, 0),
(594, 594, 'Windy', '', 0, 0, 0, 0, 0, 0, 0, 0, 0, 0),
(595, 595, 'Rainy', 'Windy', 0, 0, 0, 0, 0, 0, 0, 0, 0, 0),
(596, 596, 'Rainy', 'Windy', 0, 0, 0, 0, 0, 0, 0, 0, 0, 0),
(597, 597, 'Snow', '', 0, 0, 0, 0, 0, 0, 0, 0, 0, 0),
(598, 598, 'Snow', '', 0, 0, 0, 0, 0, 0, 0, 0, 0, 0),
(599, 599, 'Snow', '', 0, 0, 0, 0, 0, 0, 0, 0, 0, 0),
(
    600,
    600,
    'Partly cloudy',
    'Sunny/clear',
    0,
    0,
    0,
    0,
    0,
    0,
    0,
    0,
    0,
    0
  ),
(
    601,
    601,
    'Partly cloudy',
    'Sunny/clear',
    0,
    0,
    0,
    0,
    0,
    0,
    0,
    0,
    0,
    0
  ),
(602, 602, 'Rainy', 'Windy', 0, 0, 0, 0, 0, 0, 0, 0, 0, 0),
(603, 603, 'Rainy', '', 0, 0, 0, 0, 0, 0, 0, 0, 0, 0),
(604, 604, 'Rainy', 'Snow', 0, 0, 0, 0, 0, 0, 0, 0, 0, 0),
(
    605,
    605,
    'Sunny/clear',
    'Cloudy',
    0,
    0,
    0,
    0,
    0,
    0,
    0,
    0,
    0,
    0
  ),
(
    606,
    606,
    'Sunny/clear',
    'Cloudy',
    0,
    0,
    0,
    0,
    0,
    0,
    0,
    0,
    0,
    0
  ),
(607, 607, 'Rainy', 'Fog', 0, 0, 0, 0, 0, 0, 0, 0, 0, 0),
(608, 608, 'Rainy', 'Fog', 0, 0, 0, 0, 0, 0, 0, 0, 0, 0),
(609, 609, 'Rainy', '', 0, 0, 0, 0, 0, 0, 0, 0, 0, 0),
(610, 610, 'Rainy', '', 0, 0, 0, 0, 0, 0, 0, 0, 0, 0),
(611, 611, 'Rainy', '', 0, 0, 0, 0, 0, 0, 0, 0, 0, 0),
(612, 612, 'Sunny/clear', 'Snow', 0, 0, 0, 0, 0, 0, 0, 0, 0, 0),
(613, 613, 'Sunny/clear', 'Snow', 0, 0, 0, 0, 0, 0, 0, 0, 0, 0),
(614, 614, 'Snow', '', 0, 0, 0, 0, 0, 0, 0, 0, 0, 0),
(615, 615, 'Snow', '', 0, 0, 0, 0, 0, 0, 0, 0, 0, 0),
(616, 616, 'Snow', '', 0, 0, 0, 0, 0, 0, 0, 0, 0, 0),
(617, 617, 'Rainy', '', 0, 0, 0, 0, 0, 0, 0, 0, 0, 0),
(618, 618, 'Rainy', '', 0, 0, 0, 0, 0, 0, 0, 0, 0, 0),
(619, 619, 'Rainy', '', 0, 0, 0, 0, 0, 0, 0, 0, 0, 0),
(620, 620, 'Windy', '', 0, 0, 0, 0, 0, 0, 0, 0, 0, 0),
(621, 621, 'Windy', '', 0, 0, 0, 0, 0, 0, 0, 0, 0, 0),
(622, 622, 'Fog', 'Sunny/clear', 0, 0, 0, 0, 0, 0, 0, 0, 0, 0),
(623, 623, 'Fog', 'Sunny/clear', 0, 0, 0, 0, 0, 0, 0, 0, 0, 0),
(624, 624, 'Fog', 'Sunny/clear', 0, 0, 0, 0, 0, 0, 0, 0, 0, 0),
(625, 625, 'Windy', '', 0, 0, 0, 0, 0, 0, 0, 0, 0, 0),
(626, 626, 'Windy', '', 0, 0, 0, 0, 0, 0, 0, 0, 0, 0),
(627, 627, 'Windy', '', 0, 0, 0, 0, 0, 0, 0, 0, 0, 0),
(628, 628, 'Snow', '', 0, 0, 0, 0, 0, 0, 0, 0, 0, 0),
(629, 629, 'Snow', '', 0, 0, 0, 0, 0, 0, 0, 0, 0, 0),
(630, 630, 'Snow', '', 0, 0, 0, 0, 0, 0, 0, 0, 0, 0),
(631, 631, 'Rainy', '', 0, 0, 0, 0, 0, 0, 0, 0, 0, 0),
(632, 632, 'Rainy', '', 0, 0, 0, 0, 0, 0, 0, 0, 0, 0),
(
    633,
    633,
    'Sunny/clear',
    'Rainy',
    0,
    0,
    0,
    0,
    0,
    0,
    0,
    0,
    0,
    0
  ),
(634, 634, 'Cloudy', '', 0, 0, 0, 0, 0, 0, 0, 0, 0, 0),
(635, 635, 'Cloudy', '', 0, 0, 0, 0, 0, 0, 0, 0, 0, 0),
(636, 636, 'Windy', '', 0, 0, 0, 0, 0, 0, 0, 0, 0, 0),
(637, 637, 'Sunny/clear', 'Fog', 0, 0, 0, 0, 0, 0, 0, 0, 0, 0),
(638, 638, 'Sunny/clear', 'Fog', 0, 0, 0, 0, 0, 0, 0, 0, 0, 0),
(639, 639, 'Fog', 'Snow', 0, 0, 0, 0, 0, 0, 0, 0, 0, 0),
(640, 640, 'Fog', 'Snow', 0, 0, 0, 0, 0, 0, 0, 0, 0, 0),
(641, 641, 'Partly cloudy', '', 0, 0, 0, 0, 0, 0, 0, 0, 0, 0),
(
    642,
    642,
    'Partly cloudy',
    'Windy',
    0,
    0,
    0,
    0,
    0,
    0,
    0,
    0,
    0,
    0
  ),
(
    643,
    643,
    'Partly cloudy',
    'Windy',
    0,
    0,
    0,
    0,
    0,
    0,
    0,
    0,
    0,
    0
  ),
(644, 644, 'Fog', 'Windy', 0, 0, 0, 0, 0, 0, 0, 0, 0, 0),
(645, 645, 'Fog', 'Windy', 0, 0, 0, 0, 0, 0, 0, 0, 0, 0),
(646, 646, 'Sunny/clear', '', 0, 0, 0, 0, 0, 0, 0, 0, 0, 0),
(647, 647, 'Rainy', 'Snow', 0, 0, 0, 0, 0, 0, 0, 0, 0, 0),
(648, 648, 'Fog', 'Windy', 0, 0, 0, 0, 0, 0, 0, 0, 0, 0),
(649, 649, 'Fog', 'Windy', 0, 0, 0, 0, 0, 0, 0, 0, 0, 0),
(650, 650, 'Fog', 'Windy', 0, 0, 0, 0, 0, 0, 0, 0, 0, 0),
(
    651,
    651,
    'Rainy',
    'Sunny/clear',
    0,
    0,
    0,
    0,
    0,
    0,
    0,
    0,
    0,
    0
  ),
(
    652,
    652,
    'Rainy',
    'Sunny/clear',
    0,
    0,
    0,
    0,
    0,
    0,
    0,
    0,
    0,
    0
  ),
(653, 653, 'Snow', 'Cloudy', 1, 0, 0, 0, 0, 0, 0, 0, 0, 0),
(
    654,
    654,
    'Partly cloudy',
    'Cloudy',
    1,
    0,
    0,
    0,
    0,
    0,
    0,
    0,
    0,
    0
  ),
(
    655,
    655,
    'Sunny/clear',
    'Cloudy',
    1,
    0,
    0,
    0,
    0,
    0,
    0,
    0,
    0,
    0
  ),
(656, 656, 'Windy', '', 1, 0, 0, 0, 0, 0, 0, 0, 0, 0),
(657, 657, 'Windy', '', 1, 0, 0, 0, 0, 0, 0, 0, 0, 0),
(658, 658, 'Rainy', 'Windy', 1, 0, 0, 0, 0, 0, 0, 0, 0, 0),
(659, 659, 'Rainy', 'Windy', 1, 0, 0, 0, 0, 0, 0, 0, 0, 0),
(
    660,
    660,
    'Windy',
    'Sunny/clear',
    1,
    0,
    0,
    0,
    0,
    0,
    0,
    0,
    0,
    0
  ),
(661, 661, 'Windy', 'Rainy', 1, 0, 0, 0, 0, 0, 0, 0, 0, 0),
(
    662,
    662,
    'Sunny/clear',
    'Windy',
    1,
    0,
    0,
    0,
    0,
    0,
    0,
    0,
    0,
    0
  ),
(
    663,
    663,
    'Sunny/clear',
    'Windy',
    1,
    0,
    0,
    0,
    0,
    0,
    0,
    0,
    0,
    0
  ),
(664, 664, 'Windy', 'Snow', 1, 0, 0, 0, 0, 0, 0, 0, 0, 0),
(665, 665, 'Windy', 'Snow', 1, 0, 0, 0, 0, 0, 0, 0, 0, 0),
(666, 666, 'Windy', 'Snow', 1, 0, 0, 0, 0, 0, 0, 0, 0, 0),
(667, 667, 'Rainy', 'Cloudy', 1, 0, 0, 0, 0, 0, 0, 0, 0, 0),
(
    668,
    668,
    'Partly cloudy',
    'Windy',
    1,
    0,
    0,
    0,
    0,
    0,
    0,
    0,
    0,
    0
  ),
(
    669,
    669,
    'Partly cloudy',
    'Windy',
    1,
    0,
    0,
    0,
    0,
    0,
    0,
    0,
    0,
    0
  ),
(670, 670, 'Rainy', 'Snow', 1, 0, 0, 0, 0, 0, 0, 0, 0, 0),
(671, 671, 'Sunny/clear', '', 0, 0, 0, 0, 0, 0, 0, 0, 0, 0),
(672, 672, 'Sunny/clear', '', 0, 0, 0, 0, 0, 0, 0, 0, 0, 0),
(
    673,
    673,
    'Sunny/clear',
    'Cloudy',
    0,
    0,
    0,
    0,
    0,
    0,
    0,
    0,
    0,
    0
  ),
(674, 674, 'Sunny/clear', '', 0, 0, 0, 0, 0, 0, 0, 0, 0, 0),
(675, 675, 'Sunny/clear', '', 0, 0, 0, 0, 0, 0, 0, 0, 0, 0),
(
    676,
    676,
    'Sunny/clear',
    'Windy',
    0,
    0,
    0,
    0,
    0,
    0,
    0,
    0,
    0,
    0
  ),
(677, 677, 'Rainy', '', 0, 0, 0, 0, 0, 0, 0, 0, 0, 0),
(678, 678, 'Rainy', '', 0, 0, 0, 0, 0, 0, 0, 0, 0, 0),
(679, 679, 'Rainy', 'Fog', 0, 0, 0, 0, 0, 0, 0, 0, 0, 0),
(680, 680, 'Partly cloudy', '', 0, 0, 0, 0, 0, 0, 0, 0, 0, 0),
(
    681,
    681,
    'Partly cloudy',
    'Sunny/clear',
    0,
    0,
    0,
    0,
    0,
    0,
    0,
    0,
    0,
    0
  ),
(
    682,
    682,
    'Partly cloudy',
    'Windy',
    0,
    0,
    0,
    0,
    0,
    0,
    0,
    0,
    0,
    0
  ),
(
    683,
    683,
    'Sunny/clear',
    'Windy',
    0,
    0,
    0,
    0,
    0,
    0,
    0,
    0,
    0,
    0
  ),
(
    684,
    684,
    'Sunny/clear',
    'Windy',
    0,
    0,
    0,
    0,
    0,
    0,
    0,
    0,
    0,
    0
  ),
(685, 685, 'Rainy', '', 0, 0, 0, 0, 0, 0, 0, 0, 0, 0),
(686, 686, 'Rainy', '', 0, 0, 0, 0, 0, 0, 0, 0, 0, 0),
(687, 687, 'Rainy', 'Windy', 0, 0, 0, 0, 0, 0, 0, 0, 0, 0),
(
    688,
    688,
    'Sunny/clear',
    'Partly cloudy',
    0,
    0,
    0,
    0,
    0,
    0,
    0,
    0,
    0,
    0
  ),
(
    689,
    689,
    'Sunny/clear',
    'Partly cloudy',
    0,
    0,
    0,
    0,
    0,
    0,
    0,
    0,
    0,
    0
  ),
(690, 690, 'Cloudy', '', 0, 0, 0, 0, 0, 0, 0, 0, 0, 0),
(691, 691, 'Cloudy', '', 0, 0, 0, 0, 0, 0, 0, 0, 0, 0),
(692, 692, 'Cloudy', '', 0, 0, 0, 0, 0, 0, 0, 0, 0, 0),
(693, 693, 'Sunny/clear', '', 0, 0, 0, 0, 0, 0, 0, 0, 0, 0),
(694, 694, 'Sunny/clear', '', 0, 0, 0, 0, 0, 0, 0, 0, 0, 0),
(695, 695, 'Cloudy', '', 0, 0, 0, 0, 0, 0, 0, 0, 0, 0),
(696, 696, 'Cloudy', 'Fog', 0, 0, 0, 0, 0, 0, 0, 0, 0, 0),
(697, 697, 'Partly cloudy', '', 0, 0, 0, 0, 0, 0, 0, 0, 0, 0),
(698, 698, 'Windy', '', 0, 0, 0, 0, 0, 0, 0, 0, 0, 0),
(699, 699, 'Windy', '', 0, 0, 0, 0, 0, 0, 0, 0, 0, 0),
(700, 700, 'Snow', 'Fog', 0, 0, 0, 0, 0, 0, 0, 0, 0, 0),
(701, 701, 'Snow', 'Fog', 0, 0, 0, 0, 0, 0, 0, 0, 0, 0),
(702, 702, 'Snow', 'Fog', 0, 0, 0, 0, 0, 0, 0, 0, 0, 0),
(703, 703, 'Cloudy', '', 0, 0, 0, 0, 0, 0, 0, 0, 0, 0),
(704, 704, 'Cloudy', '', 0, 0, 0, 0, 0, 0, 0, 0, 0, 0),
(705, 705, 'Cloudy', '', 0, 0, 0, 0, 0, 0, 0, 0, 0, 0),
(706, 706, 'Cloudy', '', 0, 0, 0, 0, 0, 0, 0, 0, 0, 0),
(707, 707, 'Fog', 'Windy', 0, 0, 0, 0, 0, 0, 0, 0, 0, 0),
(708, 708, 'Fog', 'Windy', 0, 0, 0, 0, 0, 0, 0, 0, 0, 0),
(
    709,
    709,
    'Partly cloudy',
    'Rainy',
    0,
    0,
    0,
    0,
    0,
    0,
    0,
    0,
    0,
    0
  ),
(
    710,
    710,
    'Partly cloudy',
    'Rainy',
    0,
    0,
    0,
    0,
    0,
    0,
    0,
    0,
    0,
    0
  ),
(711, 711, 'Cloudy', 'Rainy', 0, 0, 0, 0, 0, 0, 0, 0, 0, 0),
(712, 712, 'Cloudy', 'Windy', 0, 0, 0, 0, 0, 0, 0, 0, 0, 0),
(713, 713, 'Rainy', '', 0, 0, 0, 0, 0, 0, 0, 0, 0, 0),
(714, 714, 'Rainy', '', 0, 0, 0, 0, 0, 0, 0, 0, 0, 0),
(
    715,
    715,
    'Rainy',
    'Partly cloudy',
    0,
    0,
    0,
    0,
    0,
    0,
    0,
    0,
    0,
    0
  ),
(
    716,
    716,
    'Rainy',
    'Partly cloudy',
    0,
    0,
    0,
    0,
    0,
    0,
    0,
    0,
    0,
    0
  ),
(
    717,
    717,
    'Partly cloudy',
    'Windy',
    0,
    0,
    0,
    0,
    0,
    0,
    0,
    0,
    0,
    0
  ),
(
    718,
    718,
    'Partly cloudy',
    'Windy',
    0,
    0,
    0,
    0,
    0,
    0,
    0,
    0,
    0,
    0
  ),
(
    719,
    719,
    'Partly cloudy',
    'Snow',
    0,
    0,
    0,
    0,
    0,
    0,
    0,
    0,
    0,
    0
  ),
(
    720,
    720,
    'Partly cloudy',
    'Snow',
    0,
    0,
    0,
    0,
    0,
    0,
    0,
    0,
    0,
    0
  ),
(721, 721, 'Cloudy', '', 0, 0, 0, 0, 0, 0, 0, 0, 0, 0),
(722, 722, 'Cloudy', 'Windy', 0, 0, 0, 0, 0, 0, 0, 0, 0, 0),
(723, 723, 'Rainy', 'Cloudy', 0, 0, 0, 0, 0, 0, 0, 0, 0, 0),
(
    724,
    724,
    'Partly cloudy',
    'Cloudy',
    0,
    0,
    0,
    0,
    0,
    0,
    0,
    0,
    0,
    0
  ),
(725, 725, 'Windy', '', 0, 0, 0, 0, 0, 0, 0, 0, 0, 0),
(726, 726, 'Windy', '', 0, 0, 0, 0, 0, 0, 0, 0, 0, 0),
(727, 727, 'Windy', '', 0, 0, 0, 0, 0, 0, 0, 0, 0, 0),
(728, 728, 'Snow', 'Cloudy', 0, 0, 0, 0, 0, 0, 0, 0, 0, 0),
(729, 729, 'Fog', 'Sunny/clear', 0, 0, 0, 0, 0, 0, 0, 0, 0, 0),
(730, 730, 'Fog', 'Sunny/clear', 0, 0, 0, 0, 0, 0, 0, 0, 0, 0),
(731, 731, 'Fog', 'Sunny/clear', 0, 0, 0, 0, 0, 0, 0, 0, 0, 0),
(732, 732, 'Fog', 'Sunny/clear', 0, 0, 0, 0, 0, 0, 0, 0, 0, 0),
(733, 733, 'Snow', '', 0, 0, 0, 0, 0, 0, 0, 0, 0, 0),
(734, 734, 'Snow', '', 0, 0, 0, 0, 0, 0, 0, 0, 0, 0),
(735, 735, 'Windy', '', 0, 0, 0, 0, 0, 0, 0, 0, 0, 0),
(736, 736, 'Windy', '', 0, 0, 0, 0, 0, 0, 0, 0, 0, 0),
(737, 737, 'Cloudy', '', 1, 0, 0, 0, 0, 0, 0, 0, 0, 0),
(738, 738, 'Fog', 'Windy', 1, 0, 0, 0, 0, 0, 0, 0, 0, 0),
(
    739,
    739,
    'Windy',
    'Sunny/clear',
    1,
    0,
    0,
    0,
    0,
    0,
    0,
    0,
    0,
    0
  ),
(
    740,
    740,
    'Partly cloudy',
    'Cloudy',
    1,
    0,
    0,
    0,
    0,
    0,
    0,
    0,
    0,
    0
  ),
(741, 741, 'Windy', 'Fog', 1, 0, 0, 0, 0, 0, 0, 0, 0, 0),
(
    742,
    742,
    'Sunny/clear',
    'Rainy',
    1,
    0,
    0,
    0,
    0,
    0,
    0,
    0,
    0,
    0
  ),
(
    743,
    743,
    'Sunny/clear',
    'Windy',
    0,
    0,
    0,
    0,
    0,
    0,
    0,
    0,
    0,
    0
  ),
(
    744,
    744,
    'Sunny/clear',
    'Windy',
    0,
    0,
    0,
    0,
    0,
    0,
    0,
    0,
    0,
    0
  ),
(745, 745, 'Sunny/clear', 'Fog', 0, 0, 0, 0, 0, 0, 0, 0, 0, 0),
(746, 746, 'Sunny/clear', '', 0, 0, 0, 0, 0, 0, 0, 0, 0, 0),
(747, 747, 'Sunny/clear', '', 0, 0, 0, 0, 0, 0, 0, 0, 0, 0),
(748, 748, 'Sunny/clear', 'Fog', 0, 0, 0, 0, 0, 0, 0, 0, 0, 0),
(749, 749, 'Rainy', '', 0, 0, 0, 0, 0, 0, 0, 0, 0, 0),
(750, 750, 'Rainy', '', 0, 0, 0, 0, 0, 0, 0, 0, 0, 0),
(751, 751, 'Rainy', 'Cloudy', 0, 0, 0, 0, 0, 0, 0, 0, 0, 0),
(
    752,
    752,
    'Partly cloudy',
    'Windy',
    0,
    0,
    0,
    0,
    0,
    0,
    0,
    0,
    0,
    0
  ),
(
    753,
    753,
    'Partly cloudy',
    'Windy',
    0,
    0,
    0,
    0,
    0,
    0,
    0,
    0,
    0,
    0
  ),
(
    754,
    754,
    'Partly cloudy',
    'Windy',
    0,
    0,
    0,
    0,
    0,
    0,
    0,
    0,
    0,
    0
  ),
(755, 755, 'Partly cloudy', '', 0, 0, 0, 0, 0, 0, 0, 0, 0, 0),
(756, 756, 'Partly cloudy', '', 0, 0, 0, 0, 0, 0, 0, 0, 0, 0),
(757, 757, 'Rainy', '', 0, 0, 0, 0, 0, 0, 0, 0, 0, 0),
(758, 758, 'Rainy', '', 0, 0, 0, 0, 0, 0, 0, 0, 0, 0),
(759, 759, 'Rainy', '', 0, 0, 0, 0, 0, 0, 0, 0, 0, 0),
(760, 760, 'Cloudy', '', 0, 0, 0, 0, 0, 0, 0, 0, 0, 0),
(761, 761, 'Cloudy', 'Snow', 0, 0, 0, 0, 0, 0, 0, 0, 0, 0),
(
    762,
    762,
    'Sunny/clear',
    'Windy',
    0,
    0,
    0,
    0,
    0,
    0,
    0,
    0,
    0,
    0
  ),
(763, 763, 'Rainy', 'Cloudy', 0, 0, 0, 0, 0, 0, 0, 0, 0, 0),
(764, 764, 'Rainy', 'Cloudy', 0, 0, 0, 0, 0, 0, 0, 0, 0, 0),
(765, 765, 'Partly cloudy', '', 0, 0, 0, 0, 0, 0, 0, 0, 0, 0),
(766, 766, 'Partly cloudy', '', 0, 0, 0, 0, 0, 0, 0, 0, 0, 0),
(767, 767, 'Rainy', '', 0, 0, 0, 0, 0, 0, 0, 0, 0, 0),
(768, 768, 'Cloudy', 'Rainy', 0, 0, 0, 0, 0, 0, 0, 0, 0, 0),
(769, 769, 'Cloudy', 'Rainy', 0, 0, 0, 0, 0, 0, 0, 0, 0, 0),
(770, 770, 'Sunny/clear', '', 0, 0, 0, 0, 0, 0, 0, 0, 0, 0),
(771, 771, 'Sunny/clear', '', 0, 0, 0, 0, 0, 0, 0, 0, 0, 0),
(772, 772, 'Rainy', '', 0, 0, 0, 0, 0, 0, 0, 0, 0, 0),
(773, 773, 'Rainy', '', 0, 0, 0, 0, 0, 0, 0, 0, 0, 0),
(774, 774, 'Sunny/clear', '', 0, 0, 0, 0, 0, 0, 0, 0, 0, 0),
(775, 775, 'Sunny/clear', '', 0, 0, 0, 0, 0, 0, 0, 0, 0, 0),
(
    776,
    776,
    'Sunny/clear',
    'Cloudy',
    0,
    0,
    0,
    0,
    0,
    0,
    0,
    0,
    0,
    0
  ),
(
    777,
    777,
    'Sunny/clear',
    'Cloudy',
    0,
    0,
    0,
    0,
    0,
    0,
    0,
    0,
    0,
    0
  ),
(
    778,
    778,
    'Cloudy',
    'Sunny/clear',
    0,
    0,
    0,
    0,
    0,
    0,
    0,
    0,
    0,
    0
  ),
(
    779,
    779,
    'Cloudy',
    'Sunny/clear',
    0,
    0,
    0,
    0,
    0,
    0,
    0,
    0,
    0,
    0
  ),
(
    780,
    780,
    'Partly cloudy',
    'Cloudy',
    0,
    0,
    0,
    0,
    0,
    0,
    0,
    0,
    0,
    0
  ),
(
    781,
    781,
    'Partly cloudy',
    'Cloudy',
    0,
    0,
    0,
    0,
    0,
    0,
    0,
    0,
    0,
    0
  ),
(782, 782, 'Sunny/clear', '', 0, 0, 0, 0, 0, 0, 0, 0, 0, 0),
(783, 783, 'Sunny/clear', '', 0, 0, 0, 0, 0, 0, 0, 0, 0, 0),
(784, 784, 'Sunny/clear', '', 0, 0, 0, 0, 0, 0, 0, 0, 0, 0),
(785, 785, 'Cloudy', '', 0, 0, 0, 0, 0, 0, 0, 0, 0, 0),
(
    786,
    786,
    'Partly cloudy',
    'Windy',
    0,
    0,
    0,
    0,
    0,
    0,
    0,
    0,
    0,
    0
  ),
(787, 787, 'Cloudy', '', 0, 0, 0, 0, 0, 0, 0, 0, 0, 0),
(788, 788, 'Rainy', '', 0, 0, 0, 0, 0, 0, 0, 0, 0, 0),
(789, 789, 'Rainy', '', 0, 0, 0, 0, 0, 0, 0, 0, 0, 0),
(790, 790, 'Fog', 'Sunny/clear', 0, 0, 0, 0, 0, 0, 0, 0, 0, 0),
(791, 791, 'Fog', 'Sunny/clear', 0, 0, 0, 0, 0, 0, 0, 0, 0, 0),
(792, 792, 'Rainy', '', 0, 0, 0, 0, 0, 0, 0, 0, 0, 0),
(793, 793, 'Partly cloudy', '', 0, 0, 0, 0, 0, 0, 0, 0, 0, 0),
(794, 794, 'Partly cloudy', '', 0, 0, 0, 0, 0, 0, 0, 0, 0, 0),
(
    795,
    795,
    'Partly cloudy',
    'Windy',
    0,
    0,
    0,
    0,
    0,
    0,
    0,
    0,
    0,
    0
  ),
(796, 796, 'Partly cloudy', '', 0, 0, 0, 0, 0, 0, 0, 0, 0, 0),
(
    797,
    797,
    'Sunny/clear',
    'Windy',
    0,
    0,
    0,
    0,
    0,
    0,
    0,
    0,
    0,
    0
  ),
(798, 798, 'Rainy', 'Snow', 0, 0, 0, 0, 0, 0, 0, 0, 0, 0),
(799, 799, 'Fog', 'Cloudy', 0, 0, 0, 0, 0, 0, 0, 0, 0, 0),
(800, 800, 'Rainy', 'Windy', 0, 0, 0, 0, 0, 0, 0, 0, 0, 0),
(
    801,
    801,
    'Partly cloudy',
    'Windy',
    0,
    0,
    0,
    0,
    0,
    0,
    0,
    0,
    0,
    0
  ),
(802, 802, 'Fog', 'Sunny/clear', 0, 0, 0, 0, 0, 0, 0, 0, 0, 0),
(803, 803, 'Windy', '', 0, 0, 0, 0, 0, 0, 0, 0, 0, 0),
(804, 804, 'Windy', 'Cloudy', 0, 0, 0, 0, 0, 0, 0, 0, 0, 0),
(805, 805, 'Windy', 'Cloudy', 0, 0, 0, 0, 0, 0, 0, 0, 0, 0),
(806, 806, 'Rainy', 'Cloudy', 1, 0, 0, 0, 0, 0, 0, 0, 0, 0),
(807, 807, 'Windy', 'Cloudy', 1, 0, 0, 0, 0, 0, 0, 0, 0, 0),
(
    808,
    808,
    'Sunny/clear',
    'Cloudy',
    1,
    0,
    0,
    0,
    0,
    0,
    0,
    0,
    0,
    0
  ),
(809, 809, 'Rainy', 'Cloudy', 1, 0, 0, 0, 0, 0, 0, 0, 0, 0),
(810, 810, 'Windy', '', 0, 0, 0, 0, 0, 0, 0, 0, 0, 0),
(811, 811, 'Windy', '', 0, 0, 0, 0, 0, 0, 0, 0, 0, 0),
(812, 812, 'Windy', 'Snow', 1, 0, 0, 0, 0, 0, 0, 0, 0, 0),
(813, 813, 'Windy', 'Fog', 1, 0, 0, 0, 0, 0, 0, 0, 0, 0),
(
    814,
    814,
    'Partly cloudy',
    'Cloudy',
    1,
    0,
    0,
    0,
    0,
    0,
    0,
    0,
    0,
    0
  ),
(815, 815, 'Rainy', 'Cloudy', 1, 0, 0, 0, 0, 0, 0, 0, 0, 0),
(816, 816, 'Rainy', 'Cloudy', 1, 0, 0, 0, 0, 0, 0, 0, 0, 0),
(817, 817, 'Rainy', '', 1, 0, 0, 0, 0, 0, 0, 0, 0, 0),
(818, 818, 'Snow', 'Windy', 1, 0, 0, 0, 0, 0, 0, 0, 0, 0),
(819, 819, 'Sunny/clear', 'Snow', 1, 0, 0, 0, 0, 0, 0, 0, 0, 0),
(820, 820, 'Fog', 'Windy', 1, 0, 0, 0, 0, 0, 0, 0, 0, 0),
(821, 821, 'Windy', '', 1, 0, 0, 0, 0, 0, 0, 0, 0, 0),
(822, 822, 'Snow', 'Cloudy', 1, 0, 0, 0, 0, 0, 0, 0, 0, 0);

/*!40000 ALTER TABLE `attributes` ENABLE KEYS */
;

UNLOCK TABLES;

--
-- Table structure for table `generations`
--
DROP TABLE IF EXISTS `generations`;

/*!40101 SET @saved_cs_client     = @@character_set_client */
;

/*!50503 SET character_set_client = utf8mb4 */
;

CREATE TABLE `generations` (
  `generations_id` int NOT NULL AUTO_INCREMENT,
  `pokemon_id` int NOT NULL,
  `family_id` int DEFAULT NULL,
  `evolution_stage` varchar(100) DEFAULT NULL,
  `envolved` tinyint(1) NOT NULL,
  `future_evolve` tinyint(1) NOT NULL,
  `cross_gen` tinyint(1) NOT NULL,
  PRIMARY KEY (`generations_id`),
  KEY `pokemon_id` (`pokemon_id`),
  CONSTRAINT `generations_ibfk_1` FOREIGN KEY (`pokemon_id`) REFERENCES `pokemons` (`id`)
) ENGINE = InnoDB AUTO_INCREMENT = 357 DEFAULT CHARSET = utf8mb4 COLLATE = utf8mb4_general_ci;

/*!40101 SET character_set_client = @saved_cs_client */
;

--
-- Dumping data for table `generations`
--
LOCK TABLES `generations` WRITE;

/*!40000 ALTER TABLE `generations` DISABLE KEYS */
;

INSERT INTO
  `generations`
VALUES
  (1, 1, 1, '1', 0, 0, 0),
(2, 2, 1, '2', 0, 0, 0),
(3, 3, 1, '3', 1, 0, 0),
(4, 4, 2, '1', 0, 0, 0),
(5, 5, 2, '2', 0, 0, 0),
(6, 6, 2, '3', 1, 0, 0),
(7, 7, 3, '1', 0, 0, 0),
(8, 8, 3, '2', 0, 0, 0),
(9, 9, 3, '3', 1, 0, 0),
(10, 10, 4, '1', 0, 0, 0),
(11, 11, 4, '2', 0, 0, 0),
(12, 12, 4, '3', 0, 0, 0),
(13, 13, 5, '1', 0, 0, 0),
(14, 14, 5, '2', 0, 0, 0),
(15, 15, 5, '3', 0, 0, 0),
(16, 16, 6, '1', 0, 0, 0),
(17, 17, 6, '2', 0, 0, 0),
(18, 18, 6, '3', 0, 0, 0),
(19, 19, 7, '1', 0, 0, 0),
(20, 20, 7, '2', 0, 0, 0),
(21, 21, 8, '1', 0, 0, 0),
(22, 22, 8, '2', 1, 0, 0),
(23, 23, 9, '1', 0, 0, 0),
(24, 24, 9, '2', 1, 0, 0),
(25, 25, 10, '1', 0, 0, 0),
(26, 26, 10, '2', 1, 0, 0),
(27, 27, 11, '1', 0, 0, 0),
(28, 28, 11, '2', 1, 0, 0),
(29, 29, 12, '1', 0, 0, 0),
(30, 30, 12, '2', 0, 0, 0),
(31, 31, 12, '3', 1, 0, 0),
(32, 32, 13, '1', 0, 0, 0),
(33, 33, 13, '2', 0, 0, 0),
(34, 34, 13, '3', 1, 0, 0),
(35, 35, 14, '1', 0, 0, 0),
(36, 36, 14, '2', 1, 0, 0),
(37, 37, 15, '1', 0, 0, 0),
(38, 38, 15, '2', 1, 0, 0),
(39, 39, 16, '1', 0, 0, 0),
(40, 40, 16, '2', 1, 0, 0),
(41, 41, 17, '1', 0, 0, 0),
(42, 42, 17, '2', 0, 0, 0),
(43, 43, 18, '1', 0, 0, 0),
(44, 44, 18, '2', 0, 0, 0),
(45, 45, 18, '3', 1, 0, 0),
(46, 46, 19, '1', 0, 0, 0),
(47, 47, 19, '2', 1, 0, 0),
(48, 48, 20, '1', 0, 0, 0),
(49, 49, 20, '2', 1, 0, 0),
(50, 50, 21, '1', 0, 0, 0),
(51, 51, 21, '2', 1, 0, 0),
(52, 52, 23, '1', 0, 0, 0),
(53, 53, 23, '2', 1, 0, 0),
(54, 54, 24, '1', 0, 0, 0),
(55, 55, 24, '2', 1, 0, 0),
(56, 56, 25, '1', 0, 0, 0),
(57, 57, 25, '2', 1, 0, 0),
(58, 58, 26, '1', 0, 0, 0),
(59, 59, 26, '2', 1, 0, 0),
(60, 60, 27, '1', 0, 0, 0),
(61, 61, 27, '2', 0, 0, 0),
(62, 62, 27, '3', 1, 0, 0),
(63, 63, 28, '1', 0, 0, 0),
(64, 64, 28, '2', 0, 0, 0),
(65, 65, 28, '3', 1, 0, 0),
(66, 66, 29, '1', 0, 0, 0),
(67, 67, 29, '2', 0, 0, 0),
(68, 68, 29, '3', 1, 0, 0),
(69, 69, 30, '1', 0, 0, 0),
(70, 70, 30, '2', 0, 0, 0),
(71, 71, 30, '3', 1, 0, 0),
(72, 72, 31, '1', 0, 0, 0),
(73, 73, 31, '2', 1, 0, 0),
(74, 74, 32, '1', 0, 0, 0),
(75, 75, 32, '2', 0, 0, 0),
(76, 76, 32, '3', 1, 0, 0),
(77, 77, 33, '1', 0, 0, 0),
(78, 78, 33, '2', 1, 0, 0),
(79, 79, 34, '1', 0, 0, 0),
(80, 80, 34, '2', 1, 0, 0),
(81, 81, 35, '1', 0, 1, 0),
(82, 82, 35, '2', 1, 1, 0),
(83, 83, 36, '1', 0, 0, 0),
(84, 84, 37, '1', 0, 0, 0),
(85, 85, 37, '2', 1, 0, 0),
(86, 86, 38, '1', 0, 0, 0),
(87, 87, 38, '2', 1, 0, 0),
(88, 88, 39, '1', 0, 0, 0),
(89, 89, 39, '2', 1, 0, 0),
(90, 90, 40, '1', 0, 0, 0),
(91, 91, 40, '2', 1, 0, 0),
(92, 92, 41, '1', 0, 0, 0),
(93, 93, 41, '2', 0, 0, 0),
(94, 94, 41, '3', 1, 0, 0),
(95, 95, 42, '1', 0, 0, 0),
(96, 96, 43, '1', 0, 0, 0),
(97, 97, 43, '2', 1, 0, 0),
(98, 98, 44, '1', 0, 0, 0),
(99, 99, 44, '2', 1, 0, 0),
(100, 100, 45, '1', 0, 0, 0),
(101, 101, 45, '2', 1, 0, 0),
(102, 102, 46, '1', 0, 0, 0),
(103, 103, 46, '2', 1, 0, 0),
(104, 104, 47, '1', 0, 0, 0),
(105, 105, 47, '2', 1, 0, 0),
(106, 106, 48, '1', 1, 0, 0),
(107, 107, 48, '1', 1, 0, 0),
(108, 108, 49, '1', 1, 1, 1),
(109, 109, 50, '1', 0, 0, 0),
(110, 110, 50, '2', 1, 0, 0),
(111, 111, 51, '1', 0, 1, 0),
(112, 112, 51, '2', 1, 1, 0),
(113, 113, 52, '1', 0, 0, 1),
(114, 114, 53, '1', 1, 1, 0),
(115, 115, 54, '1', 1, 0, 0),
(116, 116, 55, '1', 0, 0, 1),
(117, 117, 55, '2', 0, 0, 1),
(118, 118, 56, '1', 0, 0, 0),
(119, 119, 56, '2', 1, 0, 0),
(120, 120, 57, '1', 0, 0, 0),
(121, 121, 57, '2', 1, 0, 0),
(122, 122, 58, '1', 1, 0, 0),
(123, 123, 59, '1', 0, 0, 0),
(124, 124, 60, '1', 1, 0, 0),
(125, 125, 61, '1', 1, 1, 1),
(126, 126, 62, '1', 1, 1, 1),
(127, 127, 63, '1', 1, 0, 0),
(128, 128, 64, '1', 1, 0, 0),
(129, 129, 65, '1', 0, 0, 0),
(130, 130, 65, '2', 1, 0, 0),
(131, 131, 66, '1', 0, 0, 0),
(132, 132, 67, '1', 0, 0, 0),
(133, 133, 68, '1', 0, 1, 1),
(134, 134, 68, '2', 1, 0, 0),
(135, 135, 68, '2', 1, 0, 0),
(136, 136, 68, '2', 1, 0, 0),
(137, 137, 69, '1', 0, 1, 0),
(138, 138, 70, '1', 0, 0, 0),
(139, 139, 70, '2', 1, 0, 0),
(140, 140, 71, '1', 0, 0, 0),
(141, 141, 71, '2', 1, 0, 0),
(142, 142, 72, '1', 0, 0, 0),
(143, 143, 73, '1', 0, 0, 0),
(144, 144, 74, '1', 0, 0, 0),
(145, 145, 75, '1', 0, 0, 0),
(146, 146, 76, '1', 0, 0, 0),
(147, 147, 77, '1', 0, 0, 0),
(148, 148, 77, '2', 1, 0, 0),
(149, 149, 77, '3', 1, 0, 0),
(150, 150, 78, '1', 0, 0, 0),
(151, 151, 79, '1', 1, 0, 0),
(152, 152, 80, '1', 0, 0, 0),
(153, 153, 80, '2', 0, 0, 0),
(154, 154, 80, '3', 1, 0, 0),
(155, 155, 81, '1', 0, 0, 0),
(156, 156, 81, '2', 0, 0, 0),
(157, 157, 81, '3', 1, 0, 0),
(158, 158, 82, '1', 0, 0, 0),
(159, 159, 82, '2', 0, 0, 0),
(160, 160, 82, '3', 1, 0, 0),
(161, 161, 83, '1', 0, 0, 0),
(162, 162, 83, '2', 1, 0, 0),
(163, 163, 84, '1', 0, 0, 0),
(164, 164, 84, '2', 1, 0, 0),
(165, 165, 85, '1', 0, 0, 0),
(166, 166, 85, '2', 1, 0, 0),
(167, 167, 86, '1', 0, 0, 0),
(168, 168, 86, '2', 1, 0, 0),
(169, 169, 17, '3', 1, 0, 0),
(170, 170, 87, '1', 0, 0, 0),
(171, 171, 87, '2', 1, 0, 0),
(172, 172, 10, '0', 0, 0, 0),
(173, 173, 14, '0', 0, 0, 0),
(174, 174, 16, '0', 0, 0, 0),
(175, 175, 88, '0', 0, 1, 0),
(176, 176, 88, '1', 1, 1, 0),
(177, 177, 89, '1', 0, 0, 0),
(178, 178, 89, '2', 1, 0, 0),
(179, 179, 90, '1', 0, 0, 0),
(180, 180, 90, '2', 0, 0, 0),
(181, 181, 90, '3', 1, 0, 0),
(182, 182, 18, '3', 1, 0, 0),
(183, 183, 91, '1', 0, 0, 0),
(184, 184, 91, '2', 1, 0, 0),
(185, 185, 92, '1', 1, 0, 0),
(186, 186, 27, '2', 1, 0, 0),
(187, 187, 93, '1', 0, 0, 0),
(188, 188, 93, '2', 0, 0, 0),
(189, 189, 93, '3', 1, 0, 0),
(190, 190, 94, '1', 1, 1, 0),
(191, 191, 95, '1', 0, 0, 0),
(192, 192, 95, '2', 1, 0, 0),
(193, 193, 96, '1', 1, 1, 0),
(194, 194, 97, '1', 0, 0, 0),
(195, 195, 97, '2', 1, 0, 0),
(196, 196, 68, '2', 1, 0, 1),
(197, 197, 68, '2', 1, 0, 1),
(198, 198, 98, '1', 1, 1, 0),
(199, 199, 34, '2', 1, 0, 0),
(200, 200, 99, '1', 1, 1, 0),
(201, 201, 100, '1', 1, 0, 0),
(202, 202, 101, '1', 1, 0, 0),
(203, 203, 102, '1', 1, 0, 0),
(204, 204, 103, '1', 0, 0, 0),
(205, 205, 103, '2', 1, 0, 0),
(206, 206, 104, '1', 1, 0, 0),
(207, 207, 105, '1', 1, 1, 0),
(208, 208, 42, '2', 1, 0, 0),
(209, 209, 106, '1', 0, 0, 0),
(210, 210, 106, '2', 1, 0, 0),
(211, 211, 107, '1', 1, 0, 0),
(212, 212, 59, '2', 1, 0, 0),
(213, 213, 108, '1', 1, 0, 0),
(214, 214, 109, '1', 1, 0, 0),
(215, 215, 110, '1', 1, 1, 0),
(216, 216, 111, '1', 0, 0, 0),
(217, 217, 111, '2', 1, 0, 0),
(218, 218, 112, '1', 0, 0, 0),
(219, 219, 112, '2', 1, 0, 0),
(220, 220, 113, '1', 0, 1, 0),
(221, 221, 113, '2', 1, 1, 0),
(222, 222, 114, '1', 1, 0, 0),
(223, 223, 115, '1', 0, 0, 0),
(224, 224, 115, '2', 1, 0, 0),
(225, 225, 116, '1', 1, 0, 0),
(226, 226, 117, '1', 1, 0, 0),
(227, 227, 118, '1', 1, 0, 0),
(228, 228, 119, '1', 0, 0, 0),
(229, 229, 119, '2', 1, 0, 0),
(230, 230, 55, '3', 1, 0, 1),
(231, 231, 120, '1', 0, 0, 0),
(232, 232, 120, '2', 1, 0, 0),
(233, 233, 69, '2', 1, 1, 0),
(234, 234, 121, '1', 1, 0, 0),
(235, 235, 122, '1', 1, 0, 0),
(236, 236, 48, '0', 0, 0, 0),
(237, 237, 48, '1', 1, 0, 0),
(238, 241, 123, '1', 1, 0, 0),
(239, 243, 124, '1', 1, 0, 0),
(240, 244, 125, '1', 1, 0, 0),
(241, 245, 126, '1', 1, 0, 0),
(242, 246, 127, '1', 0, 0, 0),
(243, 247, 127, '2', 0, 0, 0),
(244, 248, 127, '3', 1, 0, 0),
(245, 249, 128, '1', 1, 0, 0),
(246, 250, 129, '1', 1, 0, 0),
(247, 251, 130, '1', 1, 0, 0),
(248, 252, 131, '1', 0, 0, 0),
(249, 253, 131, '2', 0, 0, 0),
(250, 254, 131, '3', 1, 0, 0),
(251, 255, 132, '1', 0, 0, 0),
(252, 256, 132, '2', 0, 0, 0),
(253, 257, 132, '3', 1, 0, 0),
(254, 258, 133, '1', 0, 0, 0),
(255, 259, 133, '2', 0, 0, 0),
(256, 260, 133, '3', 1, 0, 0),
(257, 261, 134, '1', 0, 0, 0),
(258, 262, 134, '2', 1, 0, 0),
(259, 263, 135, '1', 0, 0, 0),
(260, 264, 135, '2', 1, 0, 0),
(261, 265, 136, '1', 0, 0, 0),
(262, 266, 136, '2', 0, 0, 0),
(263, 267, 136, '3', 1, 0, 0),
(264, 268, 137, '2', 0, 0, 0),
(265, 269, 137, '3', 1, 0, 0),
(266, 270, 138, '1', 0, 0, 0),
(267, 271, 138, '2', 0, 0, 0),
(268, 272, 138, '3', 1, 0, 0),
(269, 273, 139, '1', 0, 0, 0),
(270, 274, 139, '2', 0, 0, 0),
(271, 275, 139, '3', 1, 0, 0),
(272, 276, 140, '1', 0, 0, 0),
(273, 277, 140, '2', 1, 0, 0),
(274, 278, 141, '1', 0, 0, 0),
(275, 279, 141, '2', 1, 0, 0),
(276, 280, 142, '1', 0, 1, 0),
(277, 281, 142, '2', 0, 1, 0),
(278, 282, 142, '3', 1, 0, 0),
(279, 283, 143, '1', 0, 0, 0),
(280, 284, 143, '2', 0, 0, 0),
(281, 285, 144, '1', 0, 0, 0),
(282, 286, 144, '2', 0, 0, 0),
(283, 287, 145, '1', 0, 0, 0),
(284, 288, 145, '2', 0, 0, 0),
(285, 289, 145, '3', 0, 0, 0),
(286, 290, 146, '1', 0, 0, 0),
(287, 291, 146, '2', 0, 0, 0),
(288, 292, 146, '3', 0, 0, 0),
(289, 293, 147, '1', 0, 0, 0),
(290, 294, 147, '2', 0, 0, 0),
(291, 295, 147, '3', 0, 0, 0),
(292, 296, 148, '1', 0, 0, 0),
(293, 297, 148, '2', 0, 0, 0),
(294, 299, 149, '1', 0, 1, 0),
(295, 300, 150, '1', 0, 0, 0),
(296, 301, 151, '2', 0, 0, 0),
(297, 302, 152, '1', 0, 0, 0),
(298, 303, 153, '1', 0, 0, 0),
(299, 304, 154, '1', 0, 0, 0),
(300, 305, 154, '2', 0, 0, 0),
(301, 306, 154, '3', 0, 0, 0),
(302, 307, 155, '1', 0, 0, 0),
(303, 308, 155, '2', 0, 0, 0),
(304, 309, 156, '1', 0, 0, 0),
(305, 310, 156, '2', 0, 0, 0),
(306, 311, 157, '1', 0, 0, 0),
(307, 312, 158, '1', 0, 0, 0),
(308, 313, 159, '1', 0, 0, 0),
(309, 314, 159, '2', 0, 0, 0),
(310, 315, 160, '1', 0, 1, 0),
(311, 316, 161, '1', 0, 0, 0),
(312, 317, 161, '2', 0, 0, 0),
(313, 318, 162, '1', 0, 0, 0),
(314, 319, 163, '1', 0, 0, 0),
(315, 320, 164, '1', 0, 0, 0),
(316, 321, 164, '2', 0, 0, 0),
(317, 322, 165, '1', 0, 0, 0),
(318, 323, 165, '2', 1, 0, 0),
(319, 324, 166, '1', 0, 0, 0),
(320, 325, 167, '1', 0, 0, 0),
(321, 326, 167, '2', 1, 0, 0),
(322, 327, 168, '1', 0, 0, 0),
(323, 328, 169, '1', 0, 0, 0),
(324, 329, 169, '2', 0, 0, 0),
(325, 330, 169, '3', 1, 0, 0),
(326, 331, 170, '1', 0, 0, 0),
(327, 332, 170, '2', 1, 0, 0),
(328, 333, 171, '1', 0, 0, 0),
(329, 334, 171, '2', 1, 0, 0),
(330, 335, 172, '1', 0, 0, 0),
(331, 336, 178, '1', 0, 0, 0),
(332, 337, 179, '1', 0, 0, 0),
(333, 338, 180, '1', 0, 0, 0),
(334, 339, 181, '1', 0, 0, 0),
(335, 340, 181, '2', 1, 0, 0),
(336, 341, 182, '1', 0, 0, 0),
(337, 342, 182, '2', 1, 0, 0),
(338, 343, 183, '1', 0, 0, 0),
(339, 344, 183, '2', 1, 0, 0),
(340, 345, 184, '1', 0, 0, 0),
(341, 346, 184, '2', 1, 0, 0),
(342, 347, 185, '1', 0, 0, 0),
(343, 348, 185, '2', 1, 0, 0),
(344, 349, 186, '1', 0, 0, 0),
(345, 350, 186, '2', 0, 0, 0),
(346, 351, 187, '1', 0, 0, 0),
(347, 352, 188, '1', 0, 0, 0),
(348, 353, 189, '1', 0, 0, 0),
(349, 354, 189, '2', 0, 0, 0),
(350, 355, 190, '1', 0, 0, 0),
(351, 356, 190, '2', 0, 1, 0),
(352, 357, 191, '1', 0, 0, 0),
(353, 358, 192, '1', 0, 0, 0),
(354, 359, 193, '1', 0, 0, 0),
(355, 361, 194, '1', 0, 1, 0),
(356, 474, 62, '2', 0, 0, 1);

/*!40000 ALTER TABLE `generations` ENABLE KEYS */
;

UNLOCK TABLES;

--
-- Table structure for table `pokemons`
--
DROP TABLE IF EXISTS `pokemons`;

/*!40101 SET @saved_cs_client     = @@character_set_client */
;

/*!50503 SET character_set_client = utf8mb4 */
;

CREATE TABLE `pokemons` (
  `id` int NOT NULL AUTO_INCREMENT,
  `pokemon_name` varchar(100) NOT NULL,
  `pokedex_number` int NOT NULL,
  `generation` int NOT NULL,
  `img_name` varchar(100) NOT NULL,
  `type_1` varchar(100) NOT NULL,
  `type_2` varchar(100) DEFAULT NULL,
  PRIMARY KEY (`id`)
) ENGINE = InnoDB AUTO_INCREMENT = 823 DEFAULT CHARSET = utf8mb4 COLLATE = utf8mb4_general_ci;

/*!40101 SET character_set_client = @saved_cs_client */
;

--
-- Dumping data for table `pokemons`
--
LOCK TABLES `pokemons` WRITE;

/*!40000 ALTER TABLE `pokemons` DISABLE KEYS */
;

INSERT INTO
  `pokemons`
VALUES
  (1, 'Bulbasaur', 1, 1, '1', 'grass', 'poison'),
(2, 'Ivysaur', 2, 1, '2', 'grass', 'poison'),
(3, 'Venusaur', 3, 1, '3', 'grass', 'poison'),
(4, 'Charmander', 4, 1, '4', 'fire', ''),
(5, 'Charmeleon', 5, 1, '5', 'fire', ''),
(6, 'Charizard', 6, 1, '6', 'fire', 'flying'),
(7, 'Squirtle', 7, 1, '7', 'water', ''),
(8, 'Wartortle', 8, 1, '8', 'water', ''),
(9, 'Blastoise', 9, 1, '9', 'water', ''),
(10, 'Caterpie', 10, 1, '10', 'bug', ''),
(11, 'Metapod', 11, 1, '11', 'bug', ''),
(12, 'Butterfree', 12, 1, '12', 'bug', 'flying'),
(13, 'Weedle', 13, 1, '13', 'bug', 'poison'),
(14, 'Kakuna', 14, 1, '14', 'bug', 'poison'),
(15, 'Beedrill', 15, 1, '15', 'bug', 'poison'),
(16, 'Pidgey', 16, 1, '16', 'normal', 'flying'),
(17, 'Pidgeotto', 17, 1, '17', 'normal', 'flying'),
(18, 'Pidgeot', 18, 1, '18', 'normal', 'flying'),
(19, 'Rattata', 19, 1, '19', 'normal', ''),
(20, 'Raticate', 20, 1, '20', 'normal', ''),
(21, 'Spearow', 21, 1, '21', 'normal', 'flying'),
(22, 'Fearow', 22, 1, '22', 'normal', 'flying'),
(23, 'Ekans', 23, 1, '23', 'poison', ''),
(24, 'Arbok', 24, 1, '24', 'poison', ''),
(25, 'Pikachu', 25, 1, '25', 'electric', ''),
(26, 'Raichu', 26, 1, '26', 'electric', ''),
(27, 'Sandshrew', 27, 1, '27', 'ground', ''),
(28, 'Sandslash', 28, 1, '28', 'ground', ''),
(29, 'Nidoran F', 29, 1, '29', 'poison', ''),
(30, 'Nidorina', 30, 1, '30', 'poison', ''),
(31, 'Nidoqueen', 31, 1, '31', 'poison', 'ground'),
(32, 'Nidoran M', 32, 1, '32', 'poison', ''),
(33, 'Nidorino', 33, 1, '33', 'poison', ''),
(34, 'Nidoking', 34, 1, '34', 'poison', 'ground'),
(35, 'Clefairy', 35, 1, '35', 'fairy', ''),
(36, 'Clefable', 36, 1, '36', 'fairy', ''),
(37, 'Vulpix', 37, 1, '37', 'fire', ''),
(38, 'Ninetales', 38, 1, '38', 'fire', ''),
(39, 'Jigglypuff', 39, 1, '39', 'normal', 'fairy'),
(40, 'Wigglytuff', 40, 1, '40', 'normal', 'fairy'),
(41, 'Zubat', 41, 1, '41', 'poison', 'flying'),
(42, 'Golbat', 42, 1, '42', 'poison', 'flying'),
(43, 'Oddish', 43, 1, '43', 'grass', 'poison'),
(44, 'Gloom', 44, 1, '44', 'grass', 'poison'),
(45, 'Vileplume', 45, 1, '45', 'grass', 'poison'),
(46, 'Paras', 46, 1, '46', 'bug', 'grass'),
(47, 'Parasect', 47, 1, '47', 'bug', 'grass'),
(48, 'Venonat', 48, 1, '48', 'bug', 'poison'),
(49, 'Venomoth', 49, 1, '49', 'bug', 'poison'),
(50, 'Diglett', 50, 1, '50', 'ground', ''),
(51, 'Dugtrio', 51, 1, '51', 'ground', ''),
(52, 'Meowth', 52, 1, '52', 'normal', ''),
(53, 'Persian', 53, 1, '53', 'normal', ''),
(54, 'Psyduck', 54, 1, '54', 'water', ''),
(55, 'Golduck', 55, 1, '55', 'water', ''),
(56, 'Mankey', 56, 1, '56', 'fighting', ''),
(57, 'Primeape', 57, 1, '57', 'fighting', ''),
(58, 'Growlithe', 58, 1, '58', 'fire', ''),
(59, 'Arcanine', 59, 1, '59', 'fire', ''),
(60, 'Poliwag', 60, 1, '60', 'water', ''),
(61, 'Poliwhirl', 61, 1, '61', 'water', ''),
(62, 'Poliwrath', 62, 1, '62', 'water', 'fighting'),
(63, 'Abra', 63, 1, '63', 'psychic', ''),
(64, 'Kadabra', 64, 1, '64', 'psychic', ''),
(65, 'Alakazam', 65, 1, '65', 'psychic', ''),
(66, 'Machop', 66, 1, '66', 'fighting', ''),
(67, 'Machoke', 67, 1, '67', 'fighting', ''),
(68, 'Machamp', 68, 1, '68', 'fighting', ''),
(69, 'Bellsprout', 69, 1, '69', 'grass', 'poison'),
(70, 'Weepinbell', 70, 1, '70', 'grass', 'poison'),
(71, 'Victreebel', 71, 1, '71', 'grass', 'poison'),
(72, 'Tentacool', 72, 1, '72', 'water', 'poison'),
(73, 'Tentacruel', 73, 1, '73', 'water', 'poison'),
(74, 'Geodude', 74, 1, '74', 'rock', 'ground'),
(75, 'Graveler', 75, 1, '75', 'rock', 'ground'),
(76, 'Golem', 76, 1, '76', 'rock', 'ground'),
(77, 'Ponyta', 77, 1, '77', 'fire', ''),
(78, 'Rapidash', 78, 1, '78', 'fire', ''),
(79, 'Slowpoke', 79, 1, '79', 'water', 'psychic'),
(80, 'Slowbro', 80, 1, '80', 'water', 'psychic'),
(81, 'Magnemite', 81, 1, '81', 'electric', 'steel'),
(82, 'Magneton', 82, 1, '82', 'electric', 'steel'),
(83, 'Farfetchd', 83, 1, '83', 'normal', 'flying'),
(84, 'Doduo', 84, 1, '84', 'normal', 'flying'),
(85, 'Dodrio', 85, 1, '85', 'normal', 'flying'),
(86, 'Seel', 86, 1, '86', 'water', ''),
(87, 'Dewgong', 87, 1, '87', 'water', 'ice'),
(88, 'Grimer', 88, 1, '88', 'poison', ''),
(89, 'Muk', 89, 1, '89', 'poison', ''),
(90, 'Shellder', 90, 1, '90', 'water', ''),
(91, 'Cloyster', 91, 1, '91', 'water', 'ice'),
(92, 'Gastly', 92, 1, '92', 'ghost', 'poison'),
(93, 'Haunter', 93, 1, '93', 'ghost', 'poison'),
(94, 'Gengar', 94, 1, '94', 'ghost', 'poison'),
(95, 'Onix', 95, 1, '95', 'rock', 'ground'),
(96, 'Drowzee', 96, 1, '96', 'psychic', ''),
(97, 'Hypno', 97, 1, '97', 'psychic', ''),
(98, 'Krabby', 98, 1, '98', 'water', ''),
(99, 'Kingler', 99, 1, '99', 'water', ''),
(100, 'Voltorb', 100, 1, '100', 'electric', ''),
(101, 'Electrode', 101, 1, '101', 'electric', ''),
(102, 'Exeggcute', 102, 1, '102', 'grass', 'psychic'),
(103, 'Exeggutor', 103, 1, '103', 'grass', 'psychic'),
(104, 'Cubone', 104, 1, '104', 'ground', ''),
(105, 'Marowak', 105, 1, '105', 'ground', ''),
(106, 'Hitmonlee', 106, 1, '106', 'fighting', ''),
(107, 'Hitmonchan', 107, 1, '107', 'fighting', ''),
(108, 'Lickitung', 108, 1, '108', 'normal', ''),
(109, 'Koffing', 109, 1, '109', 'poison', ''),
(110, 'Weezing', 110, 1, '110', 'poison', ''),
(111, 'Rhyhorn', 111, 1, '111', 'ground', 'rock'),
(112, 'Rhydon', 112, 1, '112', 'ground', 'rock'),
(113, 'Chansey', 113, 1, '113', 'normal', ''),
(114, 'Tangela', 114, 1, '114', 'grass', ''),
(115, 'Kangaskhan', 115, 1, '115', 'normal', ''),
(116, 'Horsea', 116, 1, '116', 'water', ''),
(117, 'Seadra', 117, 1, '117', 'water', ''),
(118, 'Goldeen', 118, 1, '118', 'water', ''),
(119, 'Seaking', 119, 1, '119', 'water', ''),
(120, 'Staryu', 120, 1, '120', 'water', ''),
(121, 'Starmie', 121, 1, '121', 'water', 'psychic'),
(122, 'Mr Mime', 122, 1, '122', 'psychic', 'fairy'),
(123, 'Scyther', 123, 1, '123', 'bug', 'flying'),
(124, 'Jynx', 124, 1, '124', 'ice', 'psychic'),
(125, 'Electabuzz', 125, 1, '125', 'electric', ''),
(126, 'Magmar', 126, 1, '126', 'fire', ''),
(127, 'Pinsir', 127, 1, '127', 'bug', ''),
(128, 'Tauros', 128, 1, '128', 'normal', ''),
(129, 'Magikarp', 129, 1, '129', 'water', ''),
(130, 'Gyarados', 130, 1, '130', 'water', 'flying'),
(131, 'Lapras', 131, 1, '131', 'water', 'ice'),
(132, 'Ditto', 132, 1, '132', 'normal', ''),
(133, 'Eevee', 133, 1, '133', 'normal', ''),
(134, 'Vaporeon', 134, 1, '134', 'water', ''),
(135, 'Jolteon', 135, 1, '135', 'electric', ''),
(136, 'Flareon', 136, 1, '136', 'fire', ''),
(137, 'Porygon', 137, 1, '137', 'normal', ''),
(138, 'Omanyte', 138, 1, '138', 'rock', 'water'),
(139, 'Omastar', 139, 1, '139', 'rock', 'water'),
(140, 'Kabuto', 140, 1, '140', 'rock', 'water'),
(141, 'Kabutops', 141, 1, '141', 'rock', 'water'),
(142, 'Aerodactyl', 142, 1, '142', 'rock', 'flying'),
(143, 'Snorlax', 143, 1, '143', 'normal', ''),
(144, 'Articuno', 144, 1, '144', 'ice', 'flying'),
(145, 'Zapdos', 145, 1, '145', 'electric', 'flying'),
(146, 'Moltres', 146, 1, '146', 'fire', 'flying'),
(147, 'Dratini', 147, 1, '147', 'dragon', ''),
(148, 'Dragonair', 148, 1, '148', 'dragon', ''),
(149, 'Dragonite', 149, 1, '149', 'dragon', 'flying'),
(150, 'Mewtwo', 150, 1, '150', 'psychic', ''),
(151, 'Mew', 151, 1, '151', 'psychic', ''),
(152, 'Chikorita', 152, 2, '152', 'grass', ''),
(153, 'Bayleef', 153, 2, '153', 'grass', ''),
(154, 'Meganium', 154, 2, '154', 'grass', ''),
(155, 'Cyndaquil', 155, 2, '155', 'fire', ''),
(156, 'Quilava', 156, 2, '156', 'fire', ''),
(157, 'Typhlosion', 157, 2, '157', 'fire', ''),
(158, 'Totodile', 158, 2, '158', 'water', ''),
(159, 'Croconaw', 159, 2, '159', 'water', ''),
(160, 'Feraligatr', 160, 2, '160', 'water', ''),
(161, 'Sentret', 161, 2, '161', 'normal', ''),
(162, 'Furret', 162, 2, '162', 'normal', ''),
(163, 'Hoothoot', 163, 2, '163', 'normal', 'flying'),
(164, 'Noctowl', 164, 2, '164', 'normal', 'flying'),
(165, 'Ledyba', 165, 2, '165', 'bug', 'flying'),
(166, 'Ledian', 166, 2, '166', 'bug', 'flying'),
(167, 'Spinarak', 167, 2, '167', 'bug', 'poison'),
(168, 'Ariados', 168, 2, '168', 'bug', 'poison'),
(169, 'Crobat', 169, 2, '169', 'poison', 'flying'),
(170, 'Chinchou', 170, 2, '170', 'water', 'electric'),
(171, 'Lanturn', 171, 2, '171', 'water', 'electric'),
(172, 'Pichu', 172, 2, '172', 'electric', ''),
(173, 'Cleffa', 173, 2, '173', 'fairy', ''),
(174, 'Igglybuff', 174, 2, '174', 'normal', 'fairy'),
(175, 'Togepi', 175, 2, '175', 'fairy', ''),
(176, 'Togetic', 176, 2, '176', 'fairy', 'flying'),
(177, 'Natu', 177, 2, '177', 'psychic', 'flying'),
(178, 'Xatu', 178, 2, '178', 'psychic', 'flying'),
(179, 'Mareep', 179, 2, '179', 'electric', ''),
(180, 'Flaaffy', 180, 2, '180', 'electric', ''),
(181, 'Ampharos', 181, 2, '181', 'electric', ''),
(182, 'Bellossom', 182, 2, '182', 'grass', ''),
(183, 'Marill', 183, 2, '183', 'water', 'fairy'),
(184, 'Azumarill', 184, 2, '184', 'water', 'fairy'),
(185, 'Sudowoodo', 185, 2, '185', 'rock', ''),
(186, 'Politoed', 186, 2, '186', 'water', ''),
(187, 'Hoppip', 187, 2, '187', 'grass', 'flying'),
(188, 'Skiploom', 188, 2, '188', 'grass', 'flying'),
(189, 'Jumpluff', 189, 2, '189', 'grass', 'flying'),
(190, 'Aipom', 190, 2, '190', 'normal', ''),
(191, 'Sunkern', 191, 2, '191', 'grass', ''),
(192, 'Sunflora', 192, 2, '192', 'grass', ''),
(193, 'Yanma', 193, 2, '193', 'bug', 'flying'),
(194, 'Wooper', 194, 2, '194', 'water', 'ground'),
(195, 'Quagsire', 195, 2, '195', 'water', 'ground'),
(196, 'Espeon', 196, 2, '196', 'psychic', ''),
(197, 'Umbreon', 197, 2, '197', 'dark', ''),
(198, 'Murkrow', 198, 2, '198', 'dark', 'flying'),
(199, 'Slowking', 199, 2, '199', 'water', 'psychic'),
(200, 'Misdreavus', 200, 2, '200', 'ghost', ''),
(201, 'Unown', 201, 2, '201', 'psychic', ''),
(202, 'Wobbuffet', 202, 2, '202', 'psychic', ''),
(203, 'Girafarig', 203, 2, '203', 'normal', 'psychic'),
(204, 'Pineco', 204, 2, '204', 'bug', ''),
(205, 'Forretress', 205, 2, '205', 'bug', 'steel'),
(206, 'Dunsparce', 206, 2, '206', 'normal', ''),
(207, 'Gligar', 207, 2, '207', 'ground', 'flying'),
(208, 'Steelix', 208, 2, '208', 'steel', 'ground'),
(209, 'Snubbull', 209, 2, '209', 'fairy', ''),
(210, 'Granbull', 210, 2, '210', 'fairy', ''),
(211, 'Qwilfish', 211, 2, '211', 'water', 'poison'),
(212, 'Scizor', 212, 2, '212', 'bug', 'steel'),
(213, 'Shuckle', 213, 2, '213', 'bug', 'rock'),
(214, 'Heracross', 214, 2, '214', 'bug', 'fighting'),
(215, 'Sneasel', 215, 2, '215', 'dark', 'ice'),
(216, 'Teddiursa', 216, 2, '216', 'normal', ''),
(217, 'Ursaring', 217, 2, '217', 'normal', ''),
(218, 'Slugma', 218, 2, '218', 'fire', ''),
(219, 'Magcargo', 219, 2, '219', 'fire', 'rock'),
(220, 'Swinub', 220, 2, '220', 'ice', 'ground'),
(221, 'Piloswine', 221, 2, '221', 'ice', 'ground'),
(222, 'Corsola', 222, 2, '222', 'water', 'rock'),
(223, 'Remoraid', 223, 2, '223', 'water', ''),
(224, 'Octillery', 224, 2, '224', 'water', ''),
(225, 'Delibird', 225, 2, '225', 'ice', 'flying'),
(226, 'Mantine', 226, 2, '226', 'water', 'flying'),
(227, 'Skarmory', 227, 2, '227', 'steel', 'flying'),
(228, 'Houndour', 228, 2, '228', 'dark', 'fire'),
(229, 'Houndoom', 229, 2, '229', 'dark', 'fire'),
(230, 'Kingdra', 230, 2, '230', 'water', 'dragon'),
(231, 'Phanpy', 231, 2, '231', 'ground', ''),
(232, 'Donphan', 232, 2, '232', 'ground', ''),
(233, 'Porygon2', 233, 2, '233', 'normal', ''),
(234, 'Stantler', 234, 2, '234', 'normal', ''),
(235, 'Smeargle', 235, 2, '235', 'normal', ''),
(236, 'Tyrogue', 236, 2, '236', 'fighting', ''),
(237, 'Hitmontop', 237, 2, '237', 'fighting', ''),
(238, 'Smoochum', 238, 2, '238', 'ice', 'psychic'),
(239, 'Elekid', 239, 2, '239', 'electric', ''),
(240, 'Magby', 240, 2, '240', 'fire', ''),
(241, 'Miltank', 241, 2, '241', 'normal', ''),
(242, 'Blissey', 242, 2, '242', 'normal', ''),
(243, 'Raikou', 243, 2, '243', 'electric', ''),
(244, 'Entei', 244, 2, '244', 'fire', ''),
(245, 'Suicune', 245, 2, '245', 'water', ''),
(246, 'Larvitar', 246, 2, '246', 'rock', 'ground'),
(247, 'Pupitar', 247, 2, '247', 'rock', 'ground'),
(248, 'Tyranitar', 248, 2, '248', 'rock', 'dark'),
(249, 'Lugia', 249, 2, '249', 'psychic', 'flying'),
(250, 'Ho Oh', 250, 2, '250', 'fire', 'flying'),
(251, 'Celebi', 251, 2, '251', 'psychic', 'grass'),
(252, 'Treecko', 252, 3, '252', 'grass', ''),
(253, 'Grovyle', 253, 3, '253', 'grass', ''),
(254, 'Sceptile', 254, 3, '254', 'grass', ''),
(255, 'Torchic', 255, 3, '255', 'fire', ''),
(256, 'Combusken', 256, 3, '256', 'fire', 'fighting'),
(257, 'Blaziken', 257, 3, '257', 'fire', 'fighting'),
(258, 'Mudkip', 258, 3, '258', 'water', ''),
(259, 'Marshtomp', 259, 3, '259', 'water', 'ground'),
(260, 'Swampert', 260, 3, '260', 'water', 'ground'),
(261, 'Poochyena', 261, 3, '261', 'dark', ''),
(262, 'Mightyena', 262, 3, '262', 'dark', ''),
(263, 'Zigzagoon', 263, 3, '263', 'normal', ''),
(264, 'Linoone', 264, 3, '264', 'normal', ''),
(265, 'Wurmple', 265, 3, '265', 'bug', ''),
(266, 'Silcoon', 266, 3, '266', 'bug', ''),
(267, 'Beautifly', 267, 3, '267', 'bug', 'flying'),
(268, 'Cascoon', 268, 3, '268', 'bug', ''),
(269, 'Dustox', 269, 3, '269', 'bug', 'poison'),
(270, 'Lotad', 270, 3, '270', 'water', 'grass'),
(271, 'Lombre', 271, 3, '271', 'water', 'grass'),
(272, 'Ludicolo', 272, 3, '272', 'water', 'grass'),
(273, 'Seedot', 273, 3, '273', 'grass', ''),
(274, 'Nuzleaf', 274, 3, '274', 'grass', 'dark'),
(275, 'Shiftry', 275, 3, '275', 'grass', 'dark'),
(276, 'Taillow', 276, 3, '276', 'normal', 'flying'),
(277, 'Swellow', 277, 3, '277', 'normal', 'flying'),
(278, 'Wingull', 278, 3, '278', 'water', 'flying'),
(279, 'Pelipper', 279, 3, '279', 'water', 'flying'),
(280, 'Ralts', 280, 3, '280', 'psychic', 'fairy'),
(281, 'Kirlia', 281, 3, '281', 'psychic', 'fairy'),
(282, 'Gardevoir', 282, 3, '282', 'psychic', 'fairy'),
(283, 'Surskit', 283, 3, '283', 'bug', 'water'),
(284, 'Masquerain', 284, 3, '284', 'bug', 'flying'),
(285, 'Shroomish', 285, 3, '285', 'grass', ''),
(286, 'Breloom', 286, 3, '286', 'grass', 'fighting'),
(287, 'Slakoth', 287, 3, '287', 'normal', ''),
(288, 'Vigoroth', 288, 3, '288', 'normal', ''),
(289, 'Slaking', 289, 3, '289', 'normal', ''),
(290, 'Nincada', 290, 3, '290', 'bug', 'ground'),
(291, 'Ninjask', 291, 3, '291', 'bug', 'flying'),
(292, 'Shedinja', 292, 3, '292', 'bug', 'ghost'),
(293, 'Whismur', 293, 3, '293', 'normal', ''),
(294, 'Loudred', 294, 3, '294', 'normal', ''),
(295, 'Exploud', 295, 3, '295', 'normal', ''),
(296, 'Makuhita', 296, 3, '296', 'fighting', ''),
(297, 'Hariyama', 297, 3, '297', 'fighting', ''),
(298, 'Azurill', 298, 3, '298', 'normal', 'fairy'),
(299, 'Nosepass', 299, 3, '299', 'rock', ''),
(300, 'Skitty', 300, 3, '300', 'normal', ''),
(301, 'Delcatty', 301, 3, '301', 'normal', ''),
(302, 'Sableye', 302, 3, '302', 'dark', 'ghost'),
(303, 'Mawile', 303, 3, '303', 'steel', 'fairy'),
(304, 'Aron', 304, 3, '304', 'steel', 'rock'),
(305, 'Lairon', 305, 3, '305', 'steel', 'rock'),
(306, 'Aggron', 306, 3, '306', 'steel', 'rock'),
(307, 'Meditite', 307, 3, '307', 'fighting', 'psychic'),
(308, 'Medicham', 308, 3, '308', 'fighting', 'psychic'),
(309, 'Electrike', 309, 3, '309', 'electric', ''),
(310, 'Manectric', 310, 3, '310', 'electric', ''),
(311, 'Plusle', 311, 3, '311', 'electric', ''),
(312, 'Minun', 312, 3, '312', 'electric', ''),
(313, 'Volbeat', 313, 3, '313', 'bug', ''),
(314, 'Illumise', 314, 3, '314', 'bug', ''),
(315, 'Roselia', 315, 3, '315', 'grass', 'poison'),
(316, 'Gulpin', 316, 3, '316', 'poison', ''),
(317, 'Swalot', 317, 3, '317', 'poison', ''),
(318, 'Carvanha', 318, 3, '318', 'water', 'dark'),
(319, 'Sharpedo', 319, 3, '319', 'water', 'dark'),
(320, 'Wailmer', 320, 3, '320', 'water', ''),
(321, 'Wailord', 321, 3, '321', 'water', ''),
(322, 'Numel', 322, 3, '322', 'fire', 'ground'),
(323, 'Camerupt', 323, 3, '323', 'fire', 'ground'),
(324, 'Torkoal', 324, 3, '324', 'fire', ''),
(325, 'Spoink', 325, 3, '325', 'psychic', ''),
(326, 'Grumpig', 326, 3, '326', 'psychic', ''),
(327, 'Spinda', 327, 3, '327', 'normal', ''),
(328, 'Trapinch', 328, 3, '328', 'ground', ''),
(329, 'Vibrava', 329, 3, '329', 'ground', 'dragon'),
(330, 'Flygon', 330, 3, '330', 'ground', 'dragon'),
(331, 'Cacnea', 331, 3, '331', 'grass', ''),
(332, 'Cacturne', 332, 3, '332', 'grass', 'dark'),
(333, 'Swablu', 333, 3, '333', 'normal', 'flying'),
(334, 'Altaria', 334, 3, '334', 'dragon', 'flying'),
(335, 'Zangoose', 335, 3, '335', 'normal', ''),
(336, 'Seviper', 336, 3, '336', 'poison', ''),
(337, 'Lunatone', 337, 3, '337', 'rock', 'psychic'),
(338, 'Solrock', 338, 3, '338', 'rock', 'psychic'),
(339, 'Barboach', 339, 3, '339', 'water', 'ground'),
(340, 'Whiscash', 340, 3, '340', 'water', 'ground'),
(341, 'Corphish', 341, 3, '341', 'water', ''),
(342, 'Crawdaunt', 342, 3, '342', 'water', 'dark'),
(343, 'Baltoy', 343, 3, '343', 'ground', 'psychic'),
(344, 'Claydol', 344, 3, '344', 'ground', 'psychic'),
(345, 'Lileep', 345, 3, '345', 'rock', 'grass'),
(346, 'Cradily', 346, 3, '346', 'rock', 'grass'),
(347, 'Anorith', 347, 3, '347', 'rock', 'bug'),
(348, 'Armaldo', 348, 3, '348', 'rock', 'bug'),
(349, 'Feebas', 349, 3, '349', 'water', ''),
(350, 'Milotic', 350, 3, '350', 'water', ''),
(351, 'Castform', 351, 3, '351', 'normal', ''),
(352, 'Kecleon', 352, 3, '352', 'normal', ''),
(353, 'Shuppet', 353, 3, '353', 'ghost', ''),
(354, 'Banette', 354, 3, '354', 'ghost', ''),
(355, 'Duskull', 355, 3, '355', 'ghost', ''),
(356, 'Dusclops', 356, 3, '356', 'ghost', ''),
(357, 'Tropius', 357, 3, '357', 'grass', 'flying'),
(358, 'Chimecho', 358, 3, '358', 'psychic', ''),
(359, 'Absol', 359, 3, '359', 'dark', ''),
(360, 'Wynaut', 360, 3, '360', 'psychic', ''),
(361, 'Snorunt', 361, 3, '361', 'ice', ''),
(362, 'Glalie', 362, 3, '362', 'ice', ''),
(363, 'Spheal', 363, 3, '363', 'ice', 'water'),
(364, 'Sealeo', 364, 3, '364', 'ice', 'water'),
(365, 'Walrein', 365, 3, '365', 'ice', 'water'),
(366, 'Clamperl', 366, 3, '366', 'water', ''),
(367, 'Huntail', 367, 3, '367', 'water', ''),
(368, 'Gorebyss', 368, 3, '368', 'water', ''),
(369, 'Relicanth', 369, 3, '369', 'water', 'rock'),
(370, 'Luvdisc', 370, 3, '370', 'water', ''),
(371, 'Bagon', 371, 3, '371', 'dragon', ''),
(372, 'Shelgon', 372, 3, '372', 'dragon', ''),
(373, 'Salamence', 373, 3, '373', 'dragon', 'flying'),
(374, 'Beldum', 374, 3, '374', 'steel', 'psychic'),
(375, 'Metang', 375, 3, '375', 'steel', 'psychic'),
(376, 'Metagross', 376, 3, '376', 'steel', 'psychic'),
(377, 'Regirock', 377, 3, '377', 'rock', ''),
(378, 'Regice', 378, 3, '378', 'ice', ''),
(379, 'Registeel', 379, 3, '379', 'steel', ''),
(380, 'Latias', 380, 3, '380', 'dragon', 'psychic'),
(381, 'Latios', 381, 3, '381', 'dragon', 'psychic'),
(382, 'Kyogre', 382, 3, '382', 'water', ''),
(383, 'Groudon', 383, 3, '383', 'ground', ''),
(384, 'Rayquaza', 384, 3, '384', 'dragon', 'flying'),
(385, 'Jirachi', 385, 3, '385', 'steel', 'psychic'),
(
    386,
    'Deoxys Defense',
    386,
    3,
    '386-defense',
    'psychic',
    ''
  ),
(387, 'Deoxys Normal', 386, 3, '386', 'psychic', ''),
(
    388,
    'Deoxys Attack',
    386,
    3,
    '386-attack',
    'psychic',
    ''
  ),
(
    389,
    'Deoxys Speed',
    386,
    3,
    '386-speed',
    'psychic',
    ''
  ),
(390, 'Turtwig', 387, 4, '387', 'grass', ''),
(391, 'Grotle', 388, 4, '388', 'grass', ''),
(392, 'Torterra', 389, 4, '389', 'grass', 'ground'),
(393, 'Chimchar', 390, 4, '390', 'fire', ''),
(394, 'Monferno', 391, 4, '391', 'fire', 'fighting'),
(395, 'Infernape', 392, 4, '392', 'fire', 'fighting'),
(396, 'Piplup', 393, 4, '393', 'water', ''),
(397, 'Prinplup', 394, 4, '394', 'water', ''),
(398, 'Empoleon', 395, 4, '395', 'water', 'steel'),
(399, 'Starly', 396, 4, '396', 'normal', 'flying'),
(400, 'Staravia', 397, 4, '397', 'normal', 'flying'),
(401, 'Staraptor', 398, 4, '398', 'normal', 'flying'),
(402, 'Bidoof', 399, 4, '399', 'normal', ''),
(403, 'Bibarel', 400, 4, '400', 'normal', 'water'),
(404, 'Kricketot', 401, 4, '401', 'bug', ''),
(405, 'Kricketune', 402, 4, '402', 'bug', ''),
(406, 'Shinx', 403, 4, '403', 'electric', ''),
(407, 'Luxio', 404, 4, '404', 'electric', ''),
(408, 'Luxray', 405, 4, '405', 'electric', ''),
(409, 'Budew', 406, 4, '406', 'grass', 'poison'),
(410, 'Roserade', 407, 4, '407', 'grass', 'poison'),
(411, 'Cranidos', 408, 4, '408', 'rock', ''),
(412, 'Rampardos', 409, 4, '409', 'rock', ''),
(413, 'Shieldon', 410, 4, '410', 'rock', 'steel'),
(414, 'Bastiodon', 411, 4, '411', 'rock', 'steel'),
(415, 'Burmy (Plant Cloak)', 412, 4, '412', 'bug', ''),
(
    418,
    'Wormadam (Plant Cloak)',
    413,
    4,
    '413',
    'bug',
    'grass'
  ),
(
    419,
    'Wormadam (Trash Cloak)',
    413,
    4,
    '413-trash',
    'bug',
    'grass'
  ),
(
    420,
    'Wormadam (Sandy Cloak)',
    413,
    4,
    '413-sandy',
    'bug',
    'grass'
  ),
(421, 'Mothim', 414, 4, '414', 'bug', 'flying'),
(422, 'Combee', 415, 4, '415', 'bug', 'flying'),
(423, 'Vespiquen', 416, 4, '416', 'bug', 'flying'),
(424, 'Pachirisu', 417, 4, '417', 'electric', ''),
(425, 'Buizel', 418, 4, '418', 'water', ''),
(426, 'Floatzel', 419, 4, '419', 'water', ''),
(427, 'Cherubi', 420, 4, '420', 'grass', ''),
(428, 'Cherrim', 421, 4, '421', 'grass', ''),
(429, 'Shellos', 422, 4, '422', 'water', ''),
(430, 'Gastrodon', 423, 4, '423', 'water', 'ground'),
(431, 'Ambipom', 424, 4, '424', 'normal', ''),
(432, 'Drifloon', 425, 4, '425', 'ghost', 'flying'),
(433, 'Drifblim', 426, 4, '426', 'ghost', 'flying'),
(434, 'Buneary', 427, 4, '427', 'normal', ''),
(435, 'Lopunny', 428, 4, '428', 'normal', ''),
(436, 'Mismagius', 429, 4, '429', 'ghost', ''),
(437, 'Honchkrow', 430, 4, '430', 'dark', 'flying'),
(438, 'Glameow', 431, 4, '431', 'normal', ''),
(439, 'Purugly', 432, 4, '432', 'normal', ''),
(440, 'Chingling', 433, 4, '433', 'psychic', ''),
(441, 'Stunky', 434, 4, '434', 'poison', 'dark'),
(442, 'Skuntank', 435, 4, '435', 'poison', 'dark'),
(443, 'Bronzor', 436, 4, '436', 'steel', 'psychic'),
(444, 'Bronzong', 437, 4, '437', 'steel', 'psychic'),
(445, 'Bonsly', 438, 4, '438', 'rock', ''),
(446, 'Mime Jr.', 439, 4, '439', 'psychic', 'fairy'),
(447, 'Happiny', 440, 4, '440', 'normal', ''),
(448, 'Chatot', 441, 4, '441', 'normal', 'flying'),
(449, 'Spiritomb', 442, 4, '442', 'ghost', 'dark'),
(450, 'Gible', 443, 4, '443', 'dragon', 'ground'),
(451, 'Gabite', 444, 4, '444', 'dragon', 'ground'),
(452, 'Garchomp', 445, 4, '445', 'dragon', 'ground'),
(453, 'Munchlax', 446, 4, '446', 'normal', ''),
(454, 'Riolu', 447, 4, '447', 'fighting', ''),
(455, 'Lucario', 448, 4, '448', 'fighting', 'steel'),
(456, 'Hippopotas', 449, 4, '449', 'ground', ''),
(457, 'Hippowdon', 450, 4, '450', 'ground', ''),
(458, 'Skorupi', 451, 4, '451', 'poison', 'bug'),
(459, 'Drapion', 452, 4, '452', 'poison', 'dark'),
(460, 'Croagunk', 453, 4, '453', 'poison', 'fighting'),
(461, 'Toxicroak', 454, 4, '454', 'poison', 'fighting'),
(462, 'Carnivine', 455, 4, '455', 'grass', ''),
(463, 'Finneon', 456, 4, '456', 'water', ''),
(464, 'Lumineon', 457, 4, '457', 'water', ''),
(465, 'Mantyke', 458, 4, '458', 'water', 'flying'),
(466, 'Snover', 459, 4, '459', 'grass', 'ice'),
(467, 'Abomasnow', 460, 4, '460', 'grass', 'ice'),
(468, 'Weavile', 461, 4, '461', 'dark', 'ice'),
(469, 'Magnezone', 462, 4, '462', 'electric', 'steel'),
(470, 'Lickilicky', 463, 4, '463', 'normal', ''),
(471, 'Rhyperior', 464, 4, '464', 'ground', 'rock'),
(472, 'Tangrowth', 465, 4, '465', 'grass', ''),
(473, 'Electivire', 466, 4, '466', 'electric', ''),
(474, 'Magmortar', 467, 4, '467', 'fire', ''),
(475, 'Togekiss', 468, 4, '468', 'fairy', 'flying'),
(476, 'Yanmega', 469, 4, '469', 'bug', 'flying'),
(477, 'Leafeon', 470, 4, '470', 'grass', ''),
(478, 'Glaceon', 471, 4, '471', 'ice', ''),
(479, 'Gliscor', 472, 4, '472', 'ground', 'flying'),
(480, 'Mamoswine', 473, 4, '473', 'ice', 'ground'),
(481, 'Porygon-Z', 474, 4, '474', 'normal', ''),
(482, 'Gallade', 475, 4, '475', 'psychic', 'fighting'),
(483, 'Probopass', 476, 4, '476', 'rock', 'steel'),
(484, 'Dusknoir', 477, 4, '477', 'ghost', ''),
(485, 'Froslass', 478, 4, '478', 'ice', 'ghost'),
(
    486,
    'Rotom (Heat Rotom)',
    479,
    4,
    '479-heat',
    'electric',
    'ghost'
  ),
(
    487,
    'Rotom (Wash Rotom)',
    479,
    4,
    '479-wash',
    'electric',
    'ghost'
  ),
(
    488,
    'Rotom (Frost Rotom)',
    479,
    4,
    '479-frost',
    'electric',
    'ghost'
  ),
(
    489,
    'Rotom (Fan Rotom)',
    479,
    4,
    '479-spin',
    'electric',
    'ghost'
  ),
(
    490,
    'Rotom (Mow Rotom)',
    479,
    4,
    '479-mow',
    'electric',
    'ghost'
  ),
(
    491,
    'Rotom (Normal Rotom)',
    479,
    4,
    '479',
    'electric',
    'ghost'
  ),
(492, 'Uxie', 480, 4, '480', 'psychic', ''),
(493, 'Mesprit', 481, 4, '481', 'psychic', ''),
(494, 'Azelf', 482, 4, '482', 'psychic', ''),
(495, 'Dialga', 483, 4, '483', 'steel', 'dragon'),
(496, 'Palkia', 484, 4, '484', 'water', 'dragon'),
(497, 'Heatran', 485, 4, '485', 'fire', 'steel'),
(498, 'Regigigas', 486, 4, '486', 'normal', ''),
(
    499,
    'Giratina (Altered Forme)',
    487,
    4,
    '487',
    'ghost',
    'dragon'
  ),
(
    500,
    'Giratina (Origin Forme)',
    487,
    4,
    '487-origin',
    'ghost',
    'dragon'
  ),
(501, 'Cresselia', 488, 4, '488', 'psychic', ''),
(502, 'Phione', 489, 4, '489', 'water', ''),
(503, 'Manaphy', 490, 4, '490', 'water', ''),
(504, 'Darkrai', 491, 4, '491', 'dark', ''),
(
    505,
    'Shaymin (Land Forme)',
    492,
    4,
    '492',
    'grass',
    ''
  ),
(
    506,
    'Shaymin (Sky Forme)',
    492,
    4,
    '492-sky',
    'grass',
    ''
  ),
(507, 'Arceus', 493, 4, '493', 'normal', ''),
(508, 'Victini', 494, 5, '494', 'psychic', 'fire'),
(509, 'Snivy', 495, 5, '495', 'grass', ''),
(510, 'Servine', 496, 5, '496', 'grass', ''),
(511, 'Serperior', 497, 5, '497', 'grass', ''),
(512, 'Tepig', 498, 5, '498', 'fire', ''),
(513, 'Pignite', 499, 5, '499', 'fire', 'fighting'),
(514, 'Emboar', 500, 5, '500', 'fire', 'fighting'),
(515, 'Oshawott', 501, 5, '501', 'water', ''),
(516, 'Dewott', 502, 5, '502', 'water', ''),
(517, 'Samurott', 503, 5, '503', 'water', ''),
(518, 'Patrat', 504, 5, '504', 'normal', ''),
(519, 'Watchog', 505, 5, '505', 'normal', ''),
(520, 'Lillipup', 506, 5, '506', 'normal', ''),
(521, 'Herdier', 507, 5, '507', 'normal', ''),
(522, 'Stoutland', 508, 5, '508', 'normal', ''),
(523, 'Purrloin', 509, 5, '509', 'dark', ''),
(524, 'Liepard', 510, 5, '510', 'dark', ''),
(525, 'Pansage', 511, 5, '511', 'grass', ''),
(526, 'Simisage', 512, 5, '512', 'grass', ''),
(527, 'Pansear', 513, 5, '513', 'fire', ''),
(528, 'Simisear', 514, 5, '514', 'fire', ''),
(529, 'Panpour', 515, 5, '515', 'water', ''),
(530, 'Simipour', 516, 5, '516', 'water', ''),
(531, 'Munna', 517, 5, '517', 'psychic', ''),
(532, 'Musharna', 518, 5, '518', 'psychic', ''),
(533, 'Pidove', 519, 5, '519', 'normal', 'flying'),
(534, 'Tranquill', 520, 5, '520', 'normal', 'flying'),
(535, 'Unfezant', 521, 5, '521', 'normal', 'flying'),
(536, 'Blitzle', 522, 5, '522', 'electric', ''),
(537, 'Zebstrika', 523, 5, '523', 'electric', ''),
(538, 'Roggenrola', 524, 5, '524', 'rock', ''),
(539, 'Boldore', 525, 5, '525', 'rock', ''),
(540, 'Gigalith', 526, 5, '526', 'rock', ''),
(541, 'Woobat', 527, 5, '527', 'psychic', 'flying'),
(542, 'Swoobat', 528, 5, '528', 'psychic', 'flying'),
(543, 'Drilbur', 529, 5, '529', 'ground', ''),
(544, 'Excadrill', 530, 5, '530', 'ground', 'steel'),
(545, 'Audino', 531, 5, '531', 'normal', ''),
(546, 'Timburr', 532, 5, '532', 'fighting', ''),
(547, 'Gurdurr', 533, 5, '533', 'fighting', ''),
(548, 'Conkeldurr', 534, 5, '534', 'fighting', ''),
(549, 'Tympole', 535, 5, '535', 'water', ''),
(550, 'Palpitoad', 536, 5, '536', 'water', 'ground'),
(551, 'Seismitoad', 537, 5, '537', 'water', 'ground'),
(552, 'Throh', 538, 5, '538', 'fighting', ''),
(553, 'Sawk', 539, 5, '539', 'fighting', ''),
(554, 'Sewaddle', 540, 5, '540', 'bug', 'grass'),
(555, 'Swadloon', 541, 5, '541', 'bug', 'grass'),
(556, 'Leavanny', 542, 5, '542', 'bug', 'grass'),
(557, 'Venipede', 543, 5, '543', 'bug', 'poison'),
(558, 'Whirlipede', 544, 5, '544', 'bug', 'poison'),
(559, 'Scolipede', 545, 5, '545', 'bug', 'poison'),
(560, 'Cottonee', 546, 5, '546', 'grass', 'fairy'),
(561, 'Whimsicott', 547, 5, '547', 'grass', 'fairy'),
(562, 'Petilil', 548, 5, '548', 'grass', ''),
(563, 'Lilligant', 549, 5, '549', 'grass', ''),
(564, 'Basculin', 550, 5, '550', 'water', ''),
(565, 'Sandile', 551, 5, '551', 'ground', 'dark'),
(566, 'Krokorok', 552, 5, '552', 'ground', 'dark'),
(567, 'Krookodile', 553, 5, '553', 'ground', 'dark'),
(568, 'Darumaka', 554, 5, '554', 'fire', ''),
(
    569,
    'Darmanitan (Zen Mode)',
    555,
    5,
    '555',
    'fire',
    ''
  ),
(
    570,
    'Darmanitan (Standard Mode)',
    555,
    5,
    '555',
    'fire',
    ''
  ),
(571, 'Maractus', 556, 5, '556', 'grass', ''),
(572, 'Dwebble', 557, 5, '557', 'bug', 'rock'),
(573, 'Crustle', 558, 5, '558', 'bug', 'rock'),
(574, 'Scraggy', 559, 5, '559', 'dark', 'fighting'),
(575, 'Scrafty', 560, 5, '560', 'dark', 'fighting'),
(576, 'Sigilyph', 561, 5, '561', 'psychic', 'flying'),
(577, 'Yamask', 562, 5, '562', 'ghost', ''),
(578, 'Cofagrigus', 563, 5, '563', 'ghost', ''),
(579, 'Tirtouga', 564, 5, '564', 'water', 'rock'),
(580, 'Carracosta', 565, 5, '565', 'water', 'rock'),
(581, 'Archen', 566, 5, '566', 'rock', 'flying'),
(582, 'Archeops', 567, 5, '567', 'rock', 'flying'),
(583, 'Trubbish', 568, 5, '568', 'poison', ''),
(584, 'Garbodor', 569, 5, '569', 'poison', ''),
(585, 'Zorua', 570, 5, '570', 'dark', ''),
(586, 'Zoroark', 571, 5, '571', 'dark', ''),
(587, 'Minccino', 572, 5, '572', 'normal', ''),
(588, 'Cinccino', 573, 5, '573', 'normal', ''),
(589, 'Gothita', 574, 5, '574', 'psychic', ''),
(590, 'Gothorita', 575, 5, '575', 'psychic', ''),
(591, 'Gothitelle', 576, 5, '576', 'psychic', ''),
(592, 'Solosis', 577, 5, '577', 'psychic', ''),
(593, 'Duosion', 578, 5, '578', 'psychic', ''),
(594, 'Reuniclus', 579, 5, '579', 'psychic', ''),
(595, 'Ducklett', 580, 5, '580', 'water', 'flying'),
(596, 'Swanna', 581, 5, '581', 'water', 'flying'),
(597, 'Vanillite', 582, 5, '582', 'ice', ''),
(598, 'Vanillish', 583, 5, '583', 'ice', ''),
(599, 'Vanilluxe', 584, 5, '584', 'ice', ''),
(600, 'Deerling', 585, 5, '585', 'normal', 'grass'),
(601, 'Sawsbuck', 586, 5, '586', 'normal', 'grass'),
(602, 'Emolga', 587, 5, '587', 'electric', 'flying'),
(603, 'Karrablast', 588, 5, '588', 'bug', ''),
(604, 'Escavalier', 589, 5, '589', 'bug', 'steel'),
(605, 'Foongus', 590, 5, '590', 'grass', 'poison'),
(606, 'Amoonguss', 591, 5, '591', 'grass', 'poison'),
(607, 'Frillish', 592, 5, '592', 'water', 'ghost'),
(608, 'Jellicent', 593, 5, '593', 'water', 'ghost'),
(609, 'Alomomola', 594, 5, '594', 'water', ''),
(610, 'Joltik', 595, 5, '595', 'bug', 'electric'),
(611, 'Galvantula', 596, 5, '596', 'bug', 'electric'),
(612, 'Ferroseed', 597, 5, '597', 'grass', 'steel'),
(613, 'Ferrothorn', 598, 5, '598', 'grass', 'steel'),
(614, 'Klink', 599, 5, '599', 'steel', ''),
(615, 'Klang', 600, 5, '600', 'steel', ''),
(616, 'Klinklang', 601, 5, '601', 'steel', ''),
(617, 'Tynamo', 602, 5, '602', 'electric', ''),
(618, 'Eelektrik', 603, 5, '603', 'electric', ''),
(619, 'Eelektross', 604, 5, '604', 'electric', ''),
(620, 'Elgyem', 605, 5, '605', 'psychic', ''),
(621, 'Beheeyem', 606, 5, '606', 'psychic', ''),
(622, 'Litwick', 607, 5, '607', 'ghost', 'fire'),
(623, 'Lampent', 608, 5, '608', 'ghost', 'fire'),
(624, 'Chandelure', 609, 5, '609', 'ghost', 'fire'),
(625, 'Axew', 610, 5, '610', 'dragon', ''),
(626, 'Fraxure', 611, 5, '611', 'dragon', ''),
(627, 'Haxorus', 612, 5, '612', 'dragon', ''),
(628, 'Cubchoo', 613, 5, '613', 'ice', ''),
(629, 'Beartic', 614, 5, '614', 'ice', ''),
(630, 'Cryogonal', 615, 5, '615', 'ice', ''),
(631, 'Shelmet', 616, 5, '616', 'bug', ''),
(632, 'Accelgor', 617, 5, '617', 'bug', ''),
(633, 'Stunfisk', 618, 5, '618', 'ground', 'electric'),
(634, 'Mienfoo', 619, 5, '619', 'fighting', ''),
(635, 'Mienshao', 620, 5, '620', 'fighting', ''),
(636, 'Druddigon', 621, 5, '621', 'dragon', ''),
(637, 'Golett', 622, 5, '622', 'ground', 'ghost'),
(638, 'Golurk', 623, 5, '623', 'ground', 'ghost'),
(639, 'Pawniard', 624, 5, '624', 'dark', 'steel'),
(640, 'Bisharp', 625, 5, '625', 'dark', 'steel'),
(641, 'Bouffalant', 626, 5, '626', 'normal', ''),
(642, 'Rufflet', 627, 5, '627', 'normal', 'flying'),
(643, 'Braviary', 628, 5, '628', 'normal', 'flying'),
(644, 'Vullaby', 629, 5, '629', 'dark', 'flying'),
(645, 'Mandibuzz', 630, 5, '630', 'dark', 'flying'),
(646, 'Heatmor', 631, 5, '631', 'fire', ''),
(647, 'Durant', 632, 5, '632', 'bug', 'steel'),
(648, 'Deino', 633, 5, '633', 'dark', 'dragon'),
(649, 'Zweilous', 634, 5, '634', 'dark', 'dragon'),
(650, 'Hydreigon', 635, 5, '635', 'dark', 'dragon'),
(651, 'Larvesta', 636, 5, '636', 'bug', 'fire'),
(652, 'Volcarona', 637, 5, '637', 'bug', 'fire'),
(653, 'Cobalion', 638, 5, '638', 'steel', 'fighting'),
(654, 'Terrakion', 639, 5, '639', 'rock', 'fighting'),
(655, 'Virizion', 640, 5, '640', 'grass', 'fighting'),
(
    656,
    'Tornadus (Therian Forme)',
    641,
    5,
    '641',
    'flying',
    ''
  ),
(
    657,
    'Tornadus (Incarnate Forme)',
    641,
    5,
    '641',
    'flying',
    ''
  ),
(
    658,
    'Thundurus (Incarnate Forme)',
    642,
    5,
    '642',
    'electric',
    'flying'
  ),
(
    659,
    'Thundurus (Therian Forme)',
    642,
    5,
    '642',
    'electric',
    'flying'
  ),
(660, 'Reshiram', 643, 5, '643', 'dragon', 'fire'),
(661, 'Zekrom', 644, 5, '644', 'dragon', 'electric'),
(
    662,
    'Landorus (Incarnate Forme)',
    645,
    5,
    '645',
    'ground',
    'flying'
  ),
(
    663,
    'Landorus (Therian Forme)',
    645,
    5,
    '645',
    'ground',
    'flying'
  ),
(
    664,
    'Kyurem (Black Kyurem)',
    646,
    5,
    '646',
    'dragon',
    'ice'
  ),
(
    665,
    'Kyurem (Normal Kyurem)',
    646,
    5,
    '646',
    'dragon',
    'ice'
  ),
(
    666,
    'Kyurem (White Kyurem)',
    646,
    5,
    '646',
    'dragon',
    'ice'
  ),
(667, 'Keldeo', 647, 5, '647', 'water', 'fighting'),
(
    668,
    'Meloetta (Pirouette Forme)',
    648,
    5,
    '648',
    'normal',
    'psychic'
  ),
(
    669,
    'Meloetta (Aria Forme)',
    648,
    5,
    '648',
    'normal',
    'psychic'
  ),
(670, 'Genesect', 649, 5, '649', 'bug', 'steel'),
(671, 'Chespin', 650, 6, '650', 'grass', ''),
(672, 'Quilladin', 651, 6, '651', 'grass', ''),
(673, 'Chesnaught', 652, 6, '652', 'grass', 'fighting'),
(674, 'Fennekin', 653, 6, '653', 'fire', ''),
(675, 'Braixen', 654, 6, '654', 'fire', ''),
(676, 'Delphox', 655, 6, '655', 'fire', 'psychic'),
(677, 'Froakie', 656, 6, '656', 'water', ''),
(678, 'Frogadier', 657, 6, '657', 'water', ''),
(679, 'Greninja', 658, 6, '658', 'water', 'dark'),
(680, 'Bunnelby', 659, 6, '659', 'normal', ''),
(681, 'Diggersby', 660, 6, '660', 'normal', 'ground'),
(682, 'Fletchling', 661, 6, '661', 'normal', 'flying'),
(683, 'Fletchinder', 662, 6, '662', 'fire', 'flying'),
(684, 'Talonflame', 663, 6, '663', 'fire', 'flying'),
(685, 'Scatterbug', 664, 6, '664', 'bug', ''),
(686, 'Spewpa', 665, 6, '665', 'bug', ''),
(687, 'Vivillon', 666, 6, '666', 'bug', 'flying'),
(688, 'Litleo', 667, 6, '667', 'fire', 'normal'),
(689, 'Pyroar', 668, 6, '668', 'fire', 'normal'),
(690, 'FlabB', 669, 6, '669', 'fairy', ''),
(691, 'Floette', 670, 6, '670', 'fairy', ''),
(692, 'Florges', 671, 6, '671', 'fairy', ''),
(693, 'Skiddo', 672, 6, '672', 'grass', ''),
(694, 'Gogoat', 673, 6, '673', 'grass', ''),
(695, 'Pancham', 674, 6, '674', 'fighting', ''),
(696, 'Pangoro', 675, 6, '675', 'fighting', 'dark'),
(697, 'Furfrou', 676, 6, '676', 'normal', ''),
(698, 'Espurr', 677, 6, '677', 'psychic', ''),
(699, 'Meowstic', 678, 6, '678', 'psychic', ''),
(700, 'Honedge', 679, 6, '679', 'steel', 'ghost'),
(701, 'Doublade', 680, 6, '680', 'steel', 'ghost'),
(702, 'Aegislash', 681, 6, '681', 'steel', 'ghost'),
(703, 'Spritzee', 682, 6, '682', 'fairy', ''),
(704, 'Aromatisse', 683, 6, '683', 'fairy', ''),
(705, 'Swirlix', 684, 6, '684', 'fairy', ''),
(706, 'Slurpuff', 685, 6, '685', 'fairy', ''),
(707, 'Inkay', 686, 6, '686', 'dark', 'psychic'),
(708, 'Malamar', 687, 6, '687', 'dark', 'psychic'),
(709, 'Binacle', 688, 6, '688', 'rock', 'water'),
(710, 'Barbaracle', 689, 6, '689', 'rock', 'water'),
(711, 'Skrelp', 690, 6, '690', 'poison', 'water'),
(712, 'Dragalge', 691, 6, '691', 'poison', 'dragon'),
(713, 'Clauncher', 692, 6, '692', 'water', ''),
(714, 'Clawitzer', 693, 6, '693', 'water', ''),
(715, 'Helioptile', 694, 6, '694', 'electric', 'normal'),
(716, 'Heliolisk', 695, 6, '695', 'electric', 'normal'),
(717, 'Tyrunt', 696, 6, '696', 'rock', 'dragon'),
(718, 'Tyrantrum', 697, 6, '697', 'rock', 'dragon'),
(719, 'Amaura', 698, 6, '698', 'rock', 'ice'),
(720, 'Aurorus', 699, 6, '699', 'rock', 'ice'),
(721, 'Sylveon', 700, 6, '700', 'fairy', ''),
(722, 'Hawlucha', 701, 6, '701', 'fighting', 'flying'),
(723, 'Dedenne', 702, 6, '702', 'electric', 'fairy'),
(724, 'Carbink', 703, 6, '703', 'rock', 'fairy'),
(725, 'Goomy', 704, 6, '704', 'dragon', ''),
(726, 'Sliggoo', 705, 6, '705', 'dragon', ''),
(727, 'Goodra', 706, 6, '706', 'dragon', ''),
(728, 'Klefki', 707, 6, '707', 'steel', 'fairy'),
(729, 'Phantump', 708, 6, '708', 'ghost', 'grass'),
(730, 'Trevenant', 709, 6, '709', 'ghost', 'grass'),
(731, 'Pumpkaboo', 710, 6, '710', 'ghost', 'grass'),
(732, 'Gourgeist', 711, 6, '711', 'ghost', 'grass'),
(733, 'Bergmite', 712, 6, '712', 'ice', ''),
(734, 'Avalugg', 713, 6, '713', 'ice', ''),
(735, 'Noibat', 714, 6, '714', 'flying', 'dragon'),
(736, 'Noivern', 715, 6, '715', 'flying', 'dragon'),
(737, 'Xerneas', 716, 6, '716', 'fairy', ''),
(738, 'Yveltal', 717, 6, '717', 'dark', 'flying'),
(739, 'Zygarde', 718, 6, '718', 'dragon', 'ground'),
(740, 'Diancie', 719, 6, '719', 'rock', 'fairy'),
(741, 'Hoopa', 720, 6, '720', 'psychic', 'ghost'),
(742, 'Volcanion', 721, 6, '721', 'fire', 'water'),
(743, 'Rowlet', 722, 7, '722', 'grass', 'flying'),
(744, 'Dartrix', 723, 7, '723', 'grass', 'flying'),
(745, 'Decidueye', 724, 7, '724', 'grass', 'ghost'),
(746, 'Litten', 725, 7, '725', 'fire', ''),
(747, 'Torracat', 726, 7, '726', 'fire', ''),
(748, 'Incineroar', 727, 7, '727', 'fire', 'dark'),
(749, 'Popplio', 728, 7, '728', 'water', ''),
(750, 'Brionne', 729, 7, '729', 'water', ''),
(751, 'Primarina', 730, 7, '730', 'water', 'fairy'),
(752, 'Pikipek', 731, 7, '731', 'normal', 'flying'),
(753, 'Trumbeak', 732, 7, '732', 'normal', 'flying'),
(754, 'Toucannon', 733, 7, '733', 'normal', 'flying'),
(755, 'Yungoos', 734, 7, '734', 'normal', ''),
(756, 'Gumshoos', 735, 7, '735', 'normal', ''),
(757, 'Grubbin', 736, 7, '736', 'bug', ''),
(758, 'Charjabug', 737, 7, '737', 'bug', 'electric'),
(759, 'Vikavolt', 738, 7, '738', 'bug', 'electric'),
(760, 'Crabrawler', 739, 7, '739', 'fighting', ''),
(761, 'Crabominable', 740, 7, '740', 'fighting', 'ice'),
(762, 'Oricorio', 741, 7, '741', 'fire', 'flying'),
(763, 'Cutiefly', 742, 7, '742', 'bug', 'fairy'),
(764, 'Ribombee', 743, 7, '743', 'bug', 'fairy'),
(765, 'Rockruff', 744, 7, '744', 'rock', ''),
(766, 'Lycanroc', 745, 7, '745', 'rock', ''),
(767, 'Wishiwashi', 746, 7, '746', 'water', ''),
(768, 'Mareanie', 747, 7, '747', 'poison', 'water'),
(769, 'Toxapex', 748, 7, '748', 'poison', 'water'),
(770, 'Mudbray', 749, 7, '749', 'ground', ''),
(771, 'Mudsdale', 750, 7, '750', 'ground', ''),
(772, 'Dewpider', 751, 7, '751', 'water', 'bug'),
(773, 'Araquanid', 752, 7, '752', 'water', 'bug'),
(774, 'Fomantis', 753, 7, '753', 'grass', ''),
(775, 'Lurantis', 754, 7, '754', 'grass', ''),
(776, 'Morelull', 755, 7, '755', 'grass', 'fairy'),
(777, 'Shiinotic', 756, 7, '756', 'grass', 'fairy'),
(778, 'Salandit', 757, 7, '757', 'poison', 'fire'),
(779, 'Salazzle', 758, 7, '758', 'poison', 'fire'),
(780, 'Stufful', 759, 7, '759', 'normal', 'fighting'),
(781, 'Bewear', 760, 7, '760', 'normal', 'fighting'),
(782, 'Bounsweet', 761, 7, '761', 'grass', ''),
(783, 'Steenee', 762, 7, '762', 'grass', ''),
(784, 'Tsareena', 763, 7, '763', 'grass', ''),
(785, 'Comfey', 764, 7, '764', 'fairy', ''),
(786, 'Oranguru', 765, 7, '765', 'normal', 'psychic'),
(787, 'Passimian', 766, 7, '766', 'fighting', ''),
(788, 'Wimpod', 767, 7, '767', 'bug', 'water'),
(789, 'Golisopod', 768, 7, '768', 'bug', 'water'),
(790, 'Sandygast', 769, 7, '769', 'ghost', 'ground'),
(791, 'Palossand', 770, 7, '770', 'ghost', 'ground'),
(792, 'Pyukumuku', 771, 7, '771', 'water', ''),
(793, 'Type: Null', 772, 7, '772', 'normal', ''),
(794, 'Silvally', 773, 7, '773', 'normal', ''),
(795, 'Minior', 774, 7, '774', 'rock', 'flying'),
(796, 'Komala', 775, 7, '775', 'normal', ''),
(797, 'Turtonator', 776, 7, '776', 'fire', 'dragon'),
(798, 'Togedemaru', 777, 7, '777', 'electric', 'steel'),
(799, 'Mimikyu', 778, 7, '778', 'ghost', 'fairy'),
(800, 'Bruxish', 779, 7, '779', 'water', 'psychic'),
(801, 'Drampa', 780, 7, '780', 'normal', 'dragon'),
(802, 'Dhelmise', 781, 7, '781', 'ghost', 'grass'),
(803, 'Jangmo-O', 782, 7, '782', 'dragon', ''),
(804, 'Hakamo-O', 783, 7, '783', 'dragon', 'fighting'),
(805, 'Kommo-O', 784, 7, '784', 'dragon', 'fighting'),
(806, 'Tapu Koko', 785, 7, '785', 'electric', 'fairy'),
(807, 'Tapu Lele', 786, 7, '786', 'psychic', 'fairy'),
(808, 'Tapu Bulu', 787, 7, '787', 'grass', 'fairy'),
(809, 'Tapu Fini', 788, 7, '788', 'water', 'fairy'),
(810, 'Cosmog', 789, 7, '789', 'psychic', ''),
(811, 'Cosmoem', 790, 7, '790', 'psychic', ''),
(812, 'Solgaleo', 791, 7, '791', 'psychic', 'steel'),
(813, 'Lunala', 792, 7, '792', 'psychic', 'ghost'),
(814, 'Nihilego', 793, 7, '793', 'rock', 'poison'),
(815, 'Buzzwole', 794, 7, '794', 'bug', 'fighting'),
(816, 'Pheromosa', 795, 7, '795', 'bug', 'fighting'),
(817, 'Xurkitree', 796, 7, '796', 'electric', ''),
(818, 'Celesteela', 797, 7, '797', 'steel', 'flying'),
(819, 'Kartana', 798, 7, '798', 'grass', 'steel'),
(820, 'Guzzlord', 799, 7, '799', 'dark', 'dragon'),
(821, 'Necrozma', 800, 7, '800', 'psychic', ''),
(822, 'Magearna', 801, 7, '801', 'steel', 'fairy');

/*!40000 ALTER TABLE `pokemons` ENABLE KEYS */
;

UNLOCK TABLES;

--
-- Table structure for table `stats`
--
DROP TABLE IF EXISTS `stats`;

/*!40101 SET @saved_cs_client     = @@character_set_client */
;

/*!50503 SET character_set_client = utf8mb4 */
;

CREATE TABLE `stats` (
  `stats_id` int NOT NULL AUTO_INCREMENT,
  `pokemon_id` int NOT NULL,
  `stat_total` int NOT NULL,
  `atk` int NOT NULL,
  `def` int NOT NULL,
  `sta` int NOT NULL,
  `cp_40` int NOT NULL,
  `cp_39` int NOT NULL,
  PRIMARY KEY (`stats_id`),
  KEY `pokemon_id` (`pokemon_id`),
  CONSTRAINT `stats_ibfk_1` FOREIGN KEY (`pokemon_id`) REFERENCES `pokemons` (`id`)
) ENGINE = InnoDB AUTO_INCREMENT = 823 DEFAULT CHARSET = utf8mb4 COLLATE = utf8mb4_general_ci;

/*!40101 SET character_set_client = @saved_cs_client */
;

--
-- Dumping data for table `stats`
--
LOCK TABLES `stats` WRITE;

/*!40000 ALTER TABLE `stats` DISABLE KEYS */
;

INSERT INTO
  `stats`
VALUES
  (1, 1, 326, 118, 118, 90, 981, 967),
(2, 2, 422, 151, 151, 120, 1552, 1529),
(3, 3, 556, 198, 198, 160, 2568, 2531),
(4, 4, 290, 116, 96, 78, 831, 819),
(5, 5, 403, 158, 129, 116, 1484, 1462),
(6, 6, 555, 223, 176, 156, 2686, 2648),
(7, 7, 304, 94, 122, 88, 808, 797),
(8, 8, 399, 126, 155, 118, 1324, 1305),
(9, 9, 539, 171, 210, 158, 2291, 2259),
(10, 10, 207, 55, 62, 90, 393, 387),
(11, 11, 239, 45, 94, 100, 419, 413),
(12, 12, 438, 167, 151, 120, 1701, 1677),
(13, 13, 198, 63, 55, 80, 397, 391),
(14, 14, 222, 46, 86, 90, 392, 386),
(15, 15, 449, 169, 150, 130, 1777, 1752),
(16, 16, 241, 85, 76, 80, 580, 572),
(17, 17, 351, 117, 108, 126, 1085, 1070),
(18, 18, 489, 166, 157, 166, 1994, 1966),
(19, 19, 233, 103, 70, 60, 588, 580),
(20, 20, 415, 161, 144, 110, 1549, 1527),
(21, 21, 253, 112, 61, 80, 673, 664),
(22, 22, 447, 182, 135, 130, 1814, 1788),
(23, 23, 282, 110, 102, 70, 778, 767),
(24, 24, 445, 167, 158, 120, 1737, 1712),
(25, 25, 283, 112, 101, 70, 787, 776),
(26, 26, 478, 193, 165, 120, 2025, 1996),
(27, 27, 371, 126, 145, 100, 1194, 1177),
(28, 28, 534, 182, 202, 150, 2328, 2294),
(29, 29, 290, 86, 94, 110, 736, 725),
(30, 30, 383, 117, 126, 140, 1218, 1201),
(31, 31, 534, 180, 174, 180, 2338, 2304),
(32, 32, 273, 105, 76, 92, 739, 729),
(33, 33, 371, 137, 112, 122, 1252, 1234),
(34, 34, 523, 204, 157, 162, 2386, 2352),
(35, 35, 363, 107, 116, 140, 1085, 1070),
(36, 36, 539, 178, 171, 190, 2353, 2320),
(37, 37, 294, 96, 122, 76, 774, 763),
(38, 38, 519, 169, 204, 146, 2157, 2127),
(39, 39, 354, 80, 44, 230, 713, 703),
(40, 40, 529, 156, 93, 280, 1906, 1879),
(41, 41, 239, 83, 76, 80, 569, 560),
(42, 42, 464, 161, 153, 150, 1830, 1804),
(43, 43, 337, 131, 116, 90, 1069, 1054),
(44, 44, 412, 153, 139, 120, 1512, 1491),
(45, 45, 522, 202, 170, 150, 2367, 2334),
(46, 46, 290, 121, 99, 70, 836, 824),
(47, 47, 431, 165, 146, 120, 1657, 1633),
(48, 48, 322, 100, 102, 120, 902, 889),
(49, 49, 469, 179, 150, 140, 1937, 1910),
(50, 50, 217, 109, 88, 20, 465, 458),
(51, 51, 384, 167, 147, 70, 1333, 1314),
(52, 52, 253, 92, 81, 80, 638, 629),
(53, 53, 419, 150, 139, 130, 1539, 1517),
(54, 54, 318, 122, 96, 100, 966, 952),
(55, 55, 514, 191, 163, 160, 2270, 2238),
(56, 56, 315, 148, 87, 80, 1002, 987),
(57, 57, 481, 207, 144, 130, 2105, 2075),
(58, 58, 342, 136, 96, 110, 1110, 1095),
(59, 59, 573, 227, 166, 180, 2839, 2799),
(60, 60, 263, 101, 82, 80, 695, 685),
(61, 61, 390, 130, 130, 130, 1313, 1294),
(62, 62, 549, 182, 187, 180, 2441, 2407),
(63, 63, 348, 195, 103, 50, 1148, 1132),
(64, 64, 450, 232, 138, 80, 1859, 1833),
(65, 65, 575, 271, 194, 110, 2887, 2845),
(66, 66, 365, 137, 88, 140, 1199, 1182),
(67, 67, 467, 177, 130, 160, 1910, 1882),
(68, 68, 576, 234, 162, 180, 2889, 2848),
(69, 69, 303, 139, 64, 100, 916, 903),
(70, 70, 397, 172, 95, 130, 1475, 1453),
(71, 71, 505, 207, 138, 160, 2268, 2236),
(72, 72, 359, 97, 182, 80, 956, 943),
(73, 73, 563, 166, 237, 160, 2374, 2340),
(74, 74, 375, 132, 163, 80, 1193, 1176),
(75, 75, 470, 164, 196, 110, 1815, 1789),
(76, 76, 600, 211, 229, 160, 2916, 2875),
(77, 77, 402, 170, 132, 100, 1502, 1480),
(78, 78, 504, 207, 167, 130, 2252, 2220),
(79, 79, 398, 109, 109, 180, 1204, 1187),
(80, 80, 561, 177, 194, 190, 2482, 2446),
(81, 81, 343, 165, 128, 50, 1083, 1068),
(82, 82, 505, 223, 182, 100, 2237, 2205),
(83, 83, 346, 124, 118, 104, 1092, 1076),
(84, 84, 316, 158, 88, 70, 1011, 996),
(85, 85, 483, 218, 145, 120, 2138, 2108),
(86, 86, 343, 85, 128, 130, 899, 886),
(87, 87, 503, 139, 184, 180, 1894, 1867),
(88, 88, 385, 135, 90, 160, 1269, 1251),
(89, 89, 584, 190, 184, 210, 2709, 2670),
(90, 90, 344, 116, 168, 60, 958, 944),
(91, 91, 609, 186, 323, 100, 2475, 2439),
(92, 92, 316, 186, 70, 60, 1002, 988),
(93, 93, 425, 223, 112, 90, 1716, 1692),
(94, 94, 537, 261, 156, 120, 2619, 2581),
(95, 95, 443, 85, 288, 70, 1002, 988),
(96, 96, 367, 89, 158, 120, 992, 978),
(97, 97, 529, 144, 215, 170, 2048, 2019),
(98, 98, 397, 181, 156, 60, 1386, 1366),
(99, 99, 564, 240, 214, 110, 2694, 2656),
(100, 100, 303, 109, 114, 80, 857, 845),
(101, 101, 472, 173, 179, 120, 1900, 1873),
(102, 102, 367, 107, 140, 120, 1102, 1086),
(103, 103, 581, 233, 158, 190, 2916, 2875),
(104, 104, 355, 90, 165, 100, 943, 930),
(105, 105, 464, 144, 200, 120, 1691, 1667),
(106, 106, 535, 224, 211, 100, 2406, 2372),
(107, 107, 505, 193, 212, 100, 2098, 2069),
(108, 108, 425, 108, 137, 180, 1322, 1303),
(109, 109, 363, 119, 164, 80, 1091, 1075),
(110, 110, 525, 174, 221, 130, 2183, 2152),
(111, 111, 457, 140, 157, 160, 1679, 1655),
(112, 112, 638, 222, 206, 210, 3300, 3253),
(113, 113, 736, 60, 176, 500, 1469, 1448),
(114, 114, 518, 183, 205, 130, 2208, 2177),
(115, 115, 556, 181, 165, 210, 2463, 2428),
(116, 116, 314, 129, 125, 60, 921, 908),
(117, 117, 479, 187, 182, 110, 1979, 1951),
(118, 118, 328, 123, 115, 90, 1006, 992),
(119, 119, 489, 175, 154, 160, 2040, 2011),
(120, 120, 309, 137, 112, 60, 926, 913),
(121, 121, 514, 210, 184, 120, 2303, 2270),
(122, 122, 505, 192, 233, 80, 1984, 1956),
(123, 123, 528, 218, 170, 140, 2464, 2429),
(124, 124, 535, 223, 182, 130, 2512, 2476),
(125, 125, 501, 198, 173, 130, 2196, 2165),
(126, 126, 505, 206, 169, 130, 2254, 2222),
(127, 127, 565, 238, 197, 130, 2770, 2730),
(128, 128, 545, 198, 197, 150, 2488, 2452),
(129, 129, 171, 29, 102, 40, 220, 217),
(130, 130, 624, 237, 197, 190, 3281, 3234),
(131, 131, 605, 165, 180, 260, 2603, 2566),
(132, 132, 278, 91, 91, 96, 718, 707),
(133, 133, 335, 104, 121, 110, 969, 955),
(134, 134, 642, 205, 177, 260, 3157, 3112),
(135, 135, 563, 232, 201, 130, 2730, 2691),
(136, 136, 580, 246, 204, 130, 2904, 2863),
(137, 137, 422, 153, 139, 130, 1567, 1545),
(138, 138, 399, 155, 174, 70, 1345, 1326),
(139, 139, 574, 207, 227, 140, 2685, 2647),
(140, 140, 370, 148, 162, 60, 1172, 1156),
(141, 141, 543, 220, 203, 120, 2517, 2481),
(142, 142, 545, 221, 164, 160, 2608, 2571),
(143, 143, 700, 190, 190, 320, 3355, 3307),
(144, 144, 621, 192, 249, 180, 2933, 2891),
(145, 145, 621, 253, 188, 180, 3330, 3282),
(146, 146, 615, 251, 184, 180, 3272, 3225),
(147, 147, 295, 119, 94, 82, 860, 848),
(148, 148, 423, 163, 138, 122, 1609, 1586),
(149, 149, 646, 263, 201, 182, 3581, 3530),
(150, 150, 675, 300, 182, 193, 3982, 3925),
(151, 151, 620, 210, 210, 200, 3090, 3046),
(152, 152, 304, 92, 122, 90, 801, 790),
(153, 153, 397, 122, 155, 120, 1296, 1277),
(154, 154, 530, 168, 202, 160, 2227, 2195),
(155, 155, 290, 116, 96, 78, 831, 819),
(156, 156, 403, 158, 129, 116, 1484, 1462),
(157, 157, 555, 223, 176, 156, 2686, 2648),
(158, 158, 333, 117, 116, 100, 1011, 997),
(159, 159, 431, 150, 151, 130, 1598, 1576),
(160, 160, 572, 205, 197, 170, 2721, 2682),
(161, 161, 226, 79, 77, 70, 519, 511),
(162, 162, 448, 148, 130, 170, 1667, 1643),
(163, 163, 288, 67, 101, 120, 640, 631),
(164, 164, 524, 145, 179, 200, 2040, 2011),
(165, 165, 294, 72, 142, 80, 663, 654),
(166, 166, 426, 107, 209, 110, 1275, 1256),
(167, 167, 258, 105, 73, 80, 685, 675),
(168, 168, 429, 161, 128, 140, 1636, 1613),
(169, 169, 542, 194, 178, 170, 2466, 2431),
(170, 170, 362, 106, 106, 150, 1067, 1052),
(171, 171, 542, 146, 146, 250, 2077, 2047),
(172, 172, 180, 77, 63, 40, 376, 370),
(173, 173, 266, 75, 91, 100, 620, 611),
(174, 174, 283, 69, 34, 180, 512, 505),
(175, 175, 253, 67, 116, 70, 540, 532),
(176, 176, 440, 139, 191, 110, 1543, 1521),
(177, 177, 303, 134, 89, 80, 925, 911),
(178, 178, 468, 192, 146, 130, 1975, 1947),
(179, 179, 306, 114, 82, 110, 887, 874),
(180, 180, 397, 145, 112, 140, 1402, 1382),
(181, 181, 563, 211, 172, 180, 2695, 2656),
(182, 182, 508, 169, 189, 150, 2108, 2078),
(183, 183, 270, 37, 93, 140, 420, 414),
(184, 184, 464, 112, 152, 200, 1503, 1481),
(185, 185, 505, 167, 198, 140, 2065, 2035),
(186, 186, 546, 174, 192, 180, 2371, 2337),
(187, 187, 238, 67, 101, 70, 508, 501),
(188, 188, 328, 91, 127, 110, 882, 869),
(189, 189, 465, 118, 197, 150, 1553, 1531),
(190, 190, 358, 136, 112, 110, 1188, 1171),
(191, 191, 170, 55, 55, 60, 316, 312),
(192, 192, 483, 185, 148, 150, 2048, 2019),
(193, 193, 378, 154, 94, 130, 1326, 1308),
(194, 194, 260, 75, 75, 110, 596, 587),
(195, 195, 494, 152, 152, 190, 1929, 1902),
(196, 196, 585, 261, 194, 130, 3000, 2958),
(197, 197, 566, 126, 250, 190, 2052, 2023),
(198, 198, 382, 175, 87, 120, 1392, 1372),
(199, 199, 561, 177, 194, 190, 2482, 2446),
(200, 200, 454, 167, 167, 120, 1781, 1756),
(201, 201, 323, 136, 91, 96, 1022, 1008),
(202, 202, 546, 60, 106, 380, 1024, 1009),
(203, 203, 455, 182, 133, 140, 1863, 1836),
(204, 204, 354, 108, 146, 100, 1045, 1030),
(205, 205, 553, 161, 242, 150, 2263, 2231),
(206, 206, 462, 131, 131, 200, 1615, 1592),
(207, 207, 477, 143, 204, 130, 1758, 1733),
(208, 208, 631, 148, 333, 150, 2439, 2404),
(209, 209, 346, 137, 89, 120, 1124, 1108),
(210, 210, 529, 212, 137, 180, 2440, 2406),
(211, 211, 462, 184, 148, 130, 1910, 1883),
(212, 212, 567, 236, 191, 140, 2801, 2761),
(213, 213, 453, 17, 396, 40, 300, 296),
(214, 214, 583, 234, 189, 160, 2938, 2896),
(215, 215, 456, 189, 157, 110, 1868, 1841),
(216, 216, 355, 142, 93, 120, 1184, 1167),
(217, 217, 560, 236, 144, 180, 2760, 2720),
(218, 218, 269, 118, 71, 80, 750, 740),
(219, 219, 448, 139, 209, 100, 1543, 1521),
(220, 220, 264, 90, 74, 100, 663, 653),
(221, 221, 528, 181, 147, 200, 2284, 2252),
(222, 222, 384, 118, 156, 110, 1214, 1197),
(223, 223, 266, 127, 69, 70, 749, 738),
(224, 224, 488, 197, 141, 150, 2124, 2094),
(225, 225, 308, 128, 90, 90, 937, 924),
(226, 226, 538, 148, 260, 130, 2032, 2003),
(227, 227, 538, 148, 260, 130, 2032, 2003),
(228, 228, 335, 152, 93, 90, 1110, 1094),
(229, 229, 533, 224, 159, 150, 2529, 2493),
(230, 230, 538, 194, 194, 150, 2424, 2389),
(231, 231, 394, 107, 107, 180, 1175, 1158),
(232, 232, 608, 214, 214, 180, 3022, 2979),
(233, 233, 551, 198, 183, 170, 2546, 2509),
(234, 234, 470, 192, 132, 146, 1988, 1960),
(235, 235, 238, 40, 88, 110, 389, 384),
(236, 236, 198, 64, 64, 70, 404, 398),
(237, 237, 487, 173, 214, 100, 1905, 1878),
(238, 238, 359, 153, 116, 90, 1230, 1213),
(239, 239, 335, 135, 110, 90, 1073, 1057),
(240, 240, 349, 151, 108, 90, 1178, 1161),
(241, 241, 558, 157, 211, 190, 2312, 2279),
(242, 242, 868, 129, 229, 510, 3219, 3173),
(243, 243, 631, 241, 210, 180, 3349, 3301),
(244, 244, 641, 235, 176, 230, 3377, 3329),
(245, 245, 615, 180, 235, 200, 2823, 2783),
(246, 246, 308, 115, 93, 100, 904, 891),
(247, 247, 428, 155, 133, 140, 1608, 1585),
(248, 248, 663, 251, 212, 200, 3670, 3617),
(249, 249, 728, 193, 323, 212, 3598, 3547),
(250, 250, 706, 239, 274, 193, 3889, 3833),
(251, 251, 620, 210, 210, 200, 3090, 3046),
(252, 252, 308, 124, 104, 80, 923, 909),
(253, 253, 402, 172, 130, 100, 1508, 1486),
(254, 254, 543, 223, 180, 140, 2584, 2547),
(255, 255, 312, 130, 92, 90, 959, 946),
(256, 256, 398, 163, 115, 120, 1472, 1451),
(257, 257, 541, 240, 141, 160, 2631, 2593),
(258, 258, 319, 126, 93, 100, 981, 967),
(259, 259, 429, 156, 133, 140, 1617, 1594),
(260, 260, 583, 208, 175, 200, 2815, 2774),
(261, 261, 229, 96, 63, 70, 564, 556),
(262, 262, 448, 171, 137, 140, 1783, 1757),
(263, 263, 214, 58, 80, 76, 423, 417),
(264, 264, 426, 142, 128, 156, 1533, 1511),
(265, 265, 226, 75, 61, 90, 502, 494),
(266, 266, 251, 60, 91, 100, 517, 509),
(267, 267, 407, 189, 98, 120, 1573, 1551),
(268, 268, 251, 60, 91, 100, 517, 509),
(269, 269, 390, 98, 172, 120, 1121, 1105),
(270, 270, 237, 71, 86, 80, 526, 518),
(271, 271, 360, 112, 128, 120, 1102, 1086),
(272, 272, 524, 173, 191, 160, 2229, 2197),
(273, 273, 237, 71, 86, 80, 526, 518),
(274, 274, 352, 134, 78, 140, 1117, 1101),
(275, 275, 501, 200, 121, 180, 2186, 2155),
(276, 276, 247, 106, 61, 80, 642, 632),
(277, 277, 435, 185, 130, 120, 1747, 1722),
(278, 278, 247, 106, 61, 80, 642, 632),
(279, 279, 484, 175, 189, 120, 1969, 1941),
(280, 280, 198, 79, 63, 56, 436, 430),
(281, 281, 293, 117, 100, 76, 843, 831),
(282, 282, 593, 237, 220, 136, 2964, 2922),
(283, 283, 270, 93, 97, 80, 695, 685),
(284, 284, 493, 192, 161, 140, 2135, 2104),
(285, 285, 304, 74, 110, 120, 722, 711),
(286, 286, 514, 241, 153, 120, 2407, 2373),
(287, 287, 328, 104, 104, 120, 942, 928),
(288, 288, 478, 159, 159, 160, 1896, 1869),
(289, 289, 746, 290, 183, 273, 4548, 4484),
(290, 290, 295, 80, 153, 62, 674, 665),
(291, 291, 437, 199, 116, 122, 1790, 1765),
(292, 292, 235, 153, 80, 2, 421, 415),
(293, 293, 262, 92, 42, 128, 603, 594),
(294, 294, 383, 134, 81, 168, 1233, 1215),
(295, 295, 529, 179, 142, 208, 2267, 2234),
(296, 296, 297, 99, 54, 144, 745, 735),
(297, 297, 611, 209, 114, 288, 2765, 2726),
(298, 298, 207, 36, 71, 100, 316, 312),
(299, 299, 378, 82, 236, 60, 831, 819),
(300, 300, 268, 84, 84, 100, 659, 650),
(301, 301, 404, 132, 132, 140, 1385, 1366),
(302, 302, 382, 141, 141, 100, 1305, 1286),
(303, 303, 410, 155, 155, 100, 1484, 1463),
(304, 304, 389, 121, 168, 100, 1232, 1214),
(305, 305, 518, 158, 240, 120, 2004, 1976),
(306, 306, 652, 198, 314, 140, 3004, 2961),
(307, 307, 245, 78, 107, 60, 555, 547),
(308, 308, 393, 121, 152, 120, 1275, 1257),
(309, 309, 281, 123, 78, 80, 810, 798),
(310, 310, 482, 215, 127, 140, 2131, 2100),
(311, 311, 434, 167, 147, 120, 1681, 1657),
(312, 312, 434, 147, 167, 120, 1585, 1563),
(313, 313, 444, 143, 171, 130, 1620, 1597),
(314, 314, 444, 143, 171, 130, 1620, 1597),
(315, 315, 434, 186, 148, 100, 1718, 1694),
(316, 316, 319, 80, 99, 140, 788, 777),
(317, 317, 499, 140, 159, 200, 1872, 1845),
(318, 318, 300, 171, 39, 90, 874, 862),
(319, 319, 466, 243, 83, 140, 1986, 1957),
(320, 320, 464, 136, 68, 260, 1424, 1404),
(321, 321, 602, 175, 87, 340, 2258, 2225),
(322, 322, 321, 119, 82, 120, 957, 944),
(323, 323, 473, 194, 139, 140, 2016, 1987),
(324, 324, 525, 151, 234, 140, 2036, 2007),
(325, 325, 390, 125, 145, 120, 1285, 1266),
(326, 326, 542, 171, 211, 160, 2310, 2277),
(327, 327, 352, 116, 116, 120, 1088, 1072),
(328, 328, 330, 162, 78, 90, 1092, 1076),
(329, 329, 333, 134, 99, 100, 1065, 1050),
(330, 330, 533, 205, 168, 160, 2458, 2423),
(331, 331, 330, 156, 74, 100, 1080, 1065),
(332, 332, 476, 221, 115, 140, 2092, 2062),
(333, 333, 305, 76, 139, 90, 722, 712),
(334, 334, 499, 141, 208, 150, 1868, 1842),
(335, 335, 492, 222, 124, 146, 2214, 2182),
(336, 336, 460, 196, 118, 146, 1928, 1900),
(337, 337, 521, 178, 163, 180, 2245, 2213),
(338, 338, 521, 178, 163, 180, 2245, 2213),
(339, 339, 276, 93, 83, 100, 716, 705),
(340, 340, 513, 151, 142, 220, 1991, 1963),
(341, 341, 340, 141, 113, 86, 1107, 1092),
(342, 342, 506, 224, 156, 126, 2317, 2284),
(343, 343, 288, 77, 131, 80, 676, 667),
(344, 344, 496, 140, 236, 120, 1782, 1756),
(345, 345, 391, 105, 154, 132, 1181, 1164),
(346, 346, 522, 152, 198, 172, 2081, 2051),
(347, 347, 366, 176, 100, 90, 1310, 1292),
(348, 348, 555, 222, 183, 150, 2675, 2637),
(349, 349, 171, 29, 102, 40, 220, 217),
(350, 350, 624, 192, 242, 190, 2967, 2925),
(351, 351, 418, 139, 139, 140, 1486, 1464),
(352, 352, 493, 161, 212, 120, 1924, 1896),
(353, 353, 292, 138, 66, 88, 872, 860),
(354, 354, 473, 218, 127, 128, 2073, 2044),
(355, 355, 272, 70, 162, 40, 523, 516),
(356, 356, 438, 124, 234, 80, 1335, 1316),
(357, 357, 499, 136, 165, 198, 1846, 1820),
(358, 358, 499, 175, 174, 150, 2095, 2065),
(359, 359, 496, 246, 120, 130, 2280, 2248),
(360, 360, 317, 41, 86, 190, 503, 496),
(361, 361, 290, 95, 95, 100, 772, 761),
(362, 362, 484, 162, 162, 160, 1945, 1917),
(363, 363, 325, 95, 90, 140, 876, 863),
(364, 364, 449, 137, 132, 180, 1607, 1584),
(365, 365, 578, 182, 176, 220, 2606, 2569),
(366, 366, 352, 133, 149, 70, 1091, 1075),
(367, 367, 501, 197, 194, 110, 2140, 2109),
(368, 368, 515, 211, 194, 110, 2281, 2248),
(369, 369, 596, 162, 234, 200, 2557, 2521),
(370, 370, 301, 81, 134, 86, 735, 725),
(371, 371, 331, 134, 107, 90, 1053, 1038),
(372, 372, 481, 172, 179, 130, 1958, 1930),
(373, 373, 635, 277, 168, 190, 3532, 3481),
(374, 374, 317, 96, 141, 80, 843, 831),
(375, 375, 443, 138, 185, 120, 1570, 1547),
(376, 376, 665, 257, 248, 160, 3644, 3592),
(377, 377, 695, 179, 356, 160, 3087, 3043),
(378, 378, 695, 179, 356, 160, 3087, 3043),
(379, 379, 588, 143, 285, 160, 2261, 2228),
(380, 380, 656, 228, 268, 160, 3377, 3329),
(381, 381, 656, 268, 228, 160, 3644, 3592),
(382, 382, 703, 270, 251, 182, 4074, 4016),
(383, 383, 703, 270, 251, 182, 4074, 4016),
(384, 384, 645, 284, 170, 191, 3645, 3593),
(385, 385, 620, 210, 210, 200, 3090, 3046),
(386, 386, 574, 144, 330, 100, 1978, 1949),
(387, 387, 560, 345, 115, 100, 2749, 2709),
(388, 388, 560, 414, 46, 100, 2244, 2212),
(389, 389, 548, 230, 218, 100, 2504, 2469),
(390, 390, 344, 119, 115, 110, 1066, 1051),
(391, 391, 459, 157, 152, 150, 1783, 1757),
(392, 392, 589, 202, 197, 190, 2825, 2785),
(393, 393, 287, 113, 86, 88, 815, 803),
(394, 394, 391, 158, 105, 128, 1415, 1395),
(395, 395, 525, 222, 151, 152, 2464, 2429),
(396, 396, 321, 112, 103, 106, 947, 934),
(397, 397, 421, 150, 143, 128, 1549, 1526),
(398, 398, 571, 210, 193, 168, 2741, 2702),
(399, 399, 239, 101, 58, 80, 603, 594),
(400, 400, 351, 142, 99, 110, 1170, 1153),
(401, 401, 549, 234, 145, 170, 2675, 2637),
(402, 402, 271, 80, 73, 118, 641, 632),
(403, 403, 439, 162, 119, 158, 1683, 1659),
(404, 404, 193, 45, 74, 74, 333, 328),
(405, 405, 414, 160, 100, 154, 1523, 1501),
(406, 406, 271, 117, 64, 90, 750, 740),
(407, 407, 374, 159, 95, 120, 1324, 1305),
(408, 408, 548, 232, 156, 160, 2668, 2630),
(409, 409, 297, 91, 126, 80, 766, 755),
(410, 410, 569, 243, 206, 120, 2783, 2743),
(411, 411, 427, 218, 75, 134, 1685, 1661),
(412, 412, 603, 295, 114, 194, 3179, 3133),
(413, 413, 344, 76, 208, 60, 735, 724),
(414, 414, 513, 94, 299, 120, 1401, 1381),
(415, 415, 216, 53, 83, 80, 409, 403),
(416, 415, 216, 53, 83, 80, 409, 403),
(417, 415, 216, 53, 83, 80, 409, 403),
(418, 418, 450, 141, 189, 120, 1616, 1593),
(419, 419, 450, 141, 189, 120, 1616, 1593),
(420, 420, 450, 141, 189, 120, 1616, 1593),
(421, 421, 423, 185, 98, 140, 1653, 1629),
(422, 422, 202, 59, 83, 60, 396, 390),
(423, 423, 479, 149, 190, 140, 1825, 1799),
(424, 424, 396, 94, 182, 120, 1110, 1094),
(425, 425, 312, 132, 70, 110, 946, 932),
(426, 426, 509, 221, 118, 170, 2312, 2279),
(427, 427, 294, 108, 96, 90, 829, 817),
(428, 428, 467, 170, 157, 140, 1886, 1859),
(429, 429, 366, 103, 111, 152, 1069, 1053),
(430, 430, 540, 169, 149, 222, 2265, 2233),
(431, 431, 498, 205, 143, 150, 2218, 2186),
(432, 432, 382, 117, 85, 180, 1151, 1134),
(433, 433, 587, 180, 107, 300, 2387, 2353),
(434, 434, 351, 130, 111, 110, 1136, 1120),
(435, 435, 486, 156, 200, 130, 1885, 1858),
(436, 436, 542, 211, 211, 120, 2465, 2430),
(437, 437, 546, 243, 103, 200, 2566, 2529),
(438, 438, 292, 109, 85, 98, 823, 811),
(439, 439, 450, 172, 136, 142, 1798, 1772),
(440, 440, 298, 114, 94, 90, 861, 849),
(441, 441, 340, 121, 93, 126, 1048, 1033),
(442, 442, 525, 184, 135, 206, 2262, 2230),
(443, 443, 311, 43, 154, 114, 534, 527),
(444, 444, 508, 161, 213, 134, 2026, 1997),
(445, 445, 379, 124, 155, 100, 1213, 1196),
(446, 446, 329, 125, 164, 40, 867, 855),
(447, 447, 330, 25, 105, 200, 401, 395),
(448, 448, 427, 183, 92, 152, 1653, 1629),
(449, 449, 468, 169, 199, 100, 1802, 1777),
(450, 450, 324, 124, 84, 116, 988, 974),
(451, 451, 438, 172, 130, 136, 1728, 1703),
(452, 452, 675, 261, 198, 216, 3823, 3769),
(453, 453, 544, 137, 137, 270, 1975, 1947),
(454, 454, 285, 127, 78, 80, 833, 821),
(455, 455, 520, 236, 144, 140, 2461, 2425),
(456, 456, 394, 124, 134, 136, 1302, 1283),
(457, 457, 629, 201, 212, 216, 3089, 3045),
(458, 458, 341, 93, 168, 80, 889, 876),
(459, 459, 539, 180, 219, 140, 2319, 2286),
(460, 460, 288, 116, 76, 96, 822, 810),
(461, 461, 510, 211, 133, 166, 2310, 2277),
(462, 462, 471, 187, 136, 148, 1979, 1951),
(463, 463, 313, 96, 119, 98, 853, 840),
(464, 464, 455, 142, 175, 138, 1671, 1648),
(465, 465, 407, 105, 212, 90, 1157, 1140),
(466, 466, 345, 115, 110, 120, 1054, 1039),
(467, 467, 521, 178, 163, 180, 2245, 2213),
(468, 468, 565, 243, 182, 140, 2815, 2775),
(469, 469, 595, 238, 217, 140, 2996, 2953),
(470, 470, 562, 161, 181, 220, 2359, 2325),
(471, 471, 695, 241, 224, 230, 3869, 3813),
(472, 472, 626, 207, 219, 200, 3110, 3065),
(473, 473, 572, 249, 173, 150, 2904, 2862),
(474, 474, 583, 247, 186, 150, 2980, 2937),
(475, 475, 622, 225, 227, 170, 3171, 3126),
(476, 476, 575, 231, 172, 172, 2873, 2832),
(477, 477, 600, 216, 254, 130, 2849, 2808),
(478, 478, 580, 238, 212, 130, 2866, 2825),
(479, 479, 583, 185, 248, 150, 2602, 2565),
(480, 480, 624, 247, 157, 220, 3289, 3242),
(481, 481, 587, 264, 153, 170, 3072, 3028),
(482, 482, 593, 237, 220, 136, 2964, 2922),
(483, 483, 533, 135, 278, 120, 1863, 1836),
(484, 484, 524, 180, 254, 90, 2046, 2017),
(485, 485, 461, 171, 150, 140, 1857, 1831),
(486, 486, 444, 185, 159, 100, 1767, 1741),
(487, 487, 444, 185, 159, 100, 1767, 1741),
(488, 488, 444, 185, 159, 100, 1767, 1741),
(489, 489, 444, 185, 159, 100, 1767, 1741),
(490, 490, 444, 185, 159, 100, 1767, 1741),
(491, 491, 444, 185, 159, 100, 1767, 1741),
(492, 492, 576, 156, 270, 150, 2316, 2282),
(493, 493, 584, 212, 212, 160, 2825, 2785),
(494, 494, 571, 270, 151, 150, 2945, 2903),
(495, 495, 744, 302, 242, 200, 4654, 4587),
(496, 496, 735, 308, 247, 180, 4559, 4494),
(497, 497, 646, 251, 213, 182, 3521, 3470),
(498, 498, 766, 315, 231, 220, 4955, 4884),
(499, 499, 753, 206, 247, 300, 3965, 3908),
(500, 500, 753, 206, 247, 300, 3965, 3908),
(501, 501, 655, 152, 263, 240, 2777, 2737),
(502, 502, 484, 162, 162, 160, 1945, 1917),
(503, 503, 620, 210, 210, 200, 3090, 3046),
(504, 504, 623, 285, 198, 140, 3404, 3355),
(505, 505, 620, 210, 210, 200, 3090, 3046),
(506, 506, 620, 210, 210, 200, 3090, 3046),
(507, 507, 764, 262, 262, 240, 4598, 4532),
(508, 508, 620, 210, 210, 200, 3090, 3046),
(509, 509, 285, 88, 107, 90, 728, 717),
(510, 510, 394, 122, 152, 120, 1284, 1266),
(511, 511, 515, 161, 204, 150, 2089, 2059),
(512, 512, 330, 115, 85, 130, 977, 963),
(513, 513, 459, 173, 106, 180, 1803, 1777),
(514, 514, 582, 235, 127, 220, 2852, 2811),
(515, 515, 312, 117, 85, 110, 921, 908),
(516, 516, 425, 159, 116, 150, 1597, 1574),
(517, 517, 566, 212, 164, 190, 2715, 2677),
(518, 518, 261, 98, 73, 90, 678, 668),
(519, 519, 424, 165, 139, 120, 1621, 1597),
(520, 520, 283, 107, 86, 90, 784, 773),
(521, 521, 401, 145, 126, 130, 1428, 1408),
(522, 522, 558, 206, 182, 170, 2635, 2597),
(523, 523, 253, 98, 73, 82, 652, 642),
(524, 524, 421, 187, 106, 128, 1659, 1635),
(525, 525, 298, 104, 94, 100, 832, 820),
(526, 526, 489, 206, 133, 150, 2156, 2126),
(527, 527, 298, 104, 94, 100, 832, 820),
(528, 528, 489, 206, 133, 150, 2156, 2126),
(529, 529, 298, 104, 94, 100, 832, 820),
(530, 530, 489, 206, 133, 150, 2156, 2126),
(531, 531, 360, 111, 97, 152, 1076, 1060),
(532, 532, 586, 183, 171, 232, 2650, 2612),
(533, 533, 287, 98, 89, 100, 771, 760),
(534, 534, 385, 144, 117, 124, 1345, 1325),
(535, 535, 546, 226, 160, 160, 2634, 2596),
(536, 536, 272, 118, 64, 90, 756, 745),
(537, 537, 497, 211, 136, 150, 2228, 2196),
(538, 538, 367, 121, 136, 110, 1166, 1150),
(539, 539, 487, 174, 173, 140, 2015, 1986),
(540, 540, 619, 226, 223, 170, 3158, 3113),
(541, 541, 322, 107, 85, 130, 917, 904),
(542, 542, 414, 161, 119, 134, 1553, 1531),
(543, 543, 362, 154, 88, 120, 1244, 1226),
(544, 544, 607, 255, 132, 220, 3134, 3089),
(545, 545, 483, 114, 163, 206, 1598, 1575),
(546, 546, 381, 134, 97, 150, 1265, 1247),
(547, 547, 500, 180, 150, 170, 2127, 2097),
(548, 548, 625, 243, 172, 210, 3305, 3258),
(549, 549, 276, 98, 78, 100, 729, 719),
(550, 550, 387, 128, 109, 150, 1277, 1259),
(551, 551, 548, 188, 150, 210, 2442, 2408),
(552, 552, 572, 172, 160, 240, 2467, 2432),
(553, 553, 534, 231, 153, 150, 2558, 2521),
(554, 554, 315, 96, 129, 90, 852, 840),
(555, 555, 391, 115, 166, 110, 1221, 1203),
(556, 556, 520, 205, 165, 150, 2368, 2334),
(557, 557, 252, 83, 109, 60, 590, 581),
(558, 558, 362, 100, 182, 80, 982, 968),
(559, 559, 509, 203, 186, 120, 2242, 2210),
(560, 560, 267, 71, 116, 80, 599, 590),
(561, 561, 466, 164, 182, 120, 1823, 1797),
(562, 562, 300, 119, 91, 90, 882, 870),
(563, 563, 509, 214, 155, 140, 2321, 2288),
(564, 564, 463, 189, 134, 140, 1936, 1908),
(565, 565, 301, 132, 69, 100, 902, 889),
(566, 566, 365, 155, 90, 120, 1264, 1246),
(567, 567, 582, 229, 163, 190, 2911, 2869),
(568, 568, 379, 153, 86, 140, 1312, 1294),
(569, 569, 587, 263, 114, 210, 2958, 2915),
(570, 570, 587, 263, 114, 210, 2958, 2915),
(571, 571, 481, 201, 130, 150, 2086, 2056),
(572, 572, 370, 118, 152, 100, 1151, 1134),
(573, 573, 552, 188, 224, 140, 2440, 2405),
(574, 574, 364, 132, 132, 100, 1193, 1176),
(575, 575, 515, 163, 222, 130, 2060, 2031),
(576, 576, 515, 204, 167, 144, 2326, 2293),
(577, 577, 321, 95, 150, 76, 841, 829),
(578, 578, 534, 163, 255, 116, 2090, 2060),
(579, 579, 414, 134, 172, 108, 1411, 1391),
(580, 580, 568, 192, 228, 148, 2573, 2536),
(581, 581, 412, 213, 89, 110, 1623, 1600),
(582, 582, 581, 292, 139, 150, 3056, 3012),
(583, 583, 318, 96, 122, 100, 870, 857),
(584, 584, 505, 181, 164, 160, 2166, 2135),
(585, 585, 311, 153, 78, 80, 986, 972),
(586, 586, 497, 250, 127, 120, 2291, 2258),
(587, 587, 288, 98, 80, 110, 769, 758),
(588, 588, 478, 198, 130, 150, 2057, 2028),
(589, 589, 306, 98, 118, 90, 834, 822),
(590, 590, 416, 137, 159, 120, 1455, 1434),
(591, 591, 528, 176, 212, 140, 2237, 2205),
(592, 592, 347, 170, 87, 90, 1195, 1178),
(593, 593, 445, 208, 107, 130, 1852, 1826),
(594, 594, 587, 214, 153, 220, 2841, 2801),
(595, 595, 304, 84, 96, 124, 768, 757),
(596, 596, 464, 182, 132, 150, 1916, 1888),
(597, 597, 301, 118, 111, 72, 869, 857),
(598, 598, 396, 151, 143, 102, 1409, 1389),
(599, 599, 550, 218, 190, 142, 2610, 2573),
(600, 600, 335, 115, 100, 120, 1011, 997),
(601, 601, 504, 198, 146, 160, 2233, 2201),
(602, 602, 395, 158, 127, 110, 1439, 1419),
(603, 603, 324, 137, 87, 100, 1028, 1013),
(604, 604, 550, 223, 187, 140, 2630, 2592),
(605, 605, 330, 97, 95, 138, 907, 894),
(606, 606, 527, 155, 144, 228, 2087, 2057),
(607, 607, 375, 115, 150, 110, 1166, 1149),
(608, 608, 554, 159, 195, 200, 2309, 2276),
(609, 609, 616, 138, 148, 330, 2266, 2233),
(610, 610, 308, 110, 98, 100, 889, 877),
(611, 611, 469, 201, 128, 140, 2008, 1979),
(612, 612, 327, 82, 157, 88, 806, 794),
(613, 613, 536, 158, 230, 148, 2159, 2128),
(614, 614, 304, 98, 126, 80, 816, 805),
(615, 615, 449, 150, 179, 120, 1667, 1643),
(616, 616, 549, 199, 230, 120, 2430, 2396),
(617, 617, 253, 105, 78, 70, 666, 656),
(618, 618, 416, 156, 130, 130, 1548, 1526),
(619, 619, 539, 217, 152, 170, 2546, 2510),
(620, 620, 358, 148, 100, 110, 1220, 1203),
(621, 621, 543, 221, 172, 150, 2589, 2552),
(622, 622, 306, 108, 98, 100, 875, 863),
(623, 623, 404, 169, 115, 120, 1522, 1500),
(624, 624, 573, 271, 182, 120, 2913, 2871),
(625, 625, 357, 154, 111, 92, 1225, 1208),
(626, 626, 477, 212, 133, 132, 2091, 2061),
(627, 627, 619, 284, 183, 152, 3395, 3347),
(628, 628, 312, 128, 74, 110, 942, 928),
(629, 629, 575, 233, 152, 190, 2865, 2825),
(630, 630, 614, 190, 264, 160, 2829, 2788),
(631, 631, 321, 72, 149, 100, 746, 735),
(632, 632, 511, 220, 131, 160, 2346, 2312),
(633, 633, 539, 144, 177, 218, 2100, 2070),
(634, 634, 348, 160, 98, 90, 1190, 1173),
(635, 635, 515, 258, 127, 130, 2446, 2411),
(636, 636, 537, 213, 170, 154, 2517, 2481),
(637, 637, 337, 127, 92, 118, 1058, 1042),
(638, 638, 554, 222, 154, 178, 2673, 2635),
(639, 639, 373, 154, 129, 90, 1297, 1279),
(640, 640, 553, 232, 191, 130, 2666, 2628),
(641, 641, 567, 195, 182, 190, 2635, 2598),
(642, 642, 387, 150, 97, 140, 1357, 1338),
(643, 643, 584, 232, 152, 200, 2923, 2881),
(644, 644, 389, 105, 144, 140, 1176, 1159),
(645, 645, 559, 129, 210, 220, 2068, 2038),
(646, 646, 503, 204, 129, 170, 2232, 2200),
(647, 647, 555, 217, 222, 116, 2553, 2516),
(648, 648, 313, 116, 93, 104, 927, 914),
(649, 649, 438, 159, 135, 144, 1678, 1654),
(650, 650, 628, 256, 188, 184, 3401, 3353),
(651, 651, 373, 156, 107, 110, 1318, 1300),
(652, 652, 644, 264, 210, 170, 3555, 3504),
(653, 653, 634, 192, 260, 182, 3009, 2966),
(654, 654, 634, 260, 192, 182, 3468, 3418),
(655, 655, 634, 192, 260, 182, 3009, 2966),
(656, 656, 593, 266, 169, 158, 3131, 3086),
(657, 657, 593, 266, 169, 158, 3131, 3086),
(658, 658, 593, 266, 169, 158, 3131, 3086),
(659, 659, 593, 266, 169, 158, 3131, 3086),
(660, 660, 744, 302, 242, 200, 4654, 4587),
(661, 661, 744, 302, 242, 200, 4654, 4587),
(662, 662, 626, 261, 187, 178, 3403, 3355),
(663, 663, 626, 261, 187, 178, 3403, 3355),
(664, 664, 707, 270, 187, 250, 4118, 4059),
(665, 665, 707, 270, 187, 250, 4118, 4059),
(666, 666, 707, 270, 187, 250, 4118, 4059),
(667, 667, 634, 260, 192, 182, 3468, 3418),
(668, 668, 700, 250, 250, 200, 3950, 3894),
(669, 669, 700, 250, 250, 200, 3950, 3894),
(670, 670, 593, 252, 199, 142, 3056, 3013),
(671, 671, 338, 110, 116, 112, 1007, 992),
(672, 672, 442, 146, 174, 122, 1618, 1594),
(673, 673, 604, 201, 227, 176, 2900, 2859),
(674, 674, 308, 116, 112, 80, 898, 885),
(675, 675, 425, 171, 136, 118, 1646, 1622),
(676, 676, 584, 230, 204, 150, 2908, 2867),
(677, 677, 290, 122, 86, 82, 846, 834),
(678, 678, 392, 168, 116, 108, 1450, 1430),
(679, 679, 521, 223, 154, 144, 2436, 2401),
(680, 680, 217, 68, 73, 76, 463, 457),
(681, 681, 437, 112, 155, 170, 1406, 1386),
(682, 682, 268, 95, 83, 90, 696, 686),
(683, 683, 380, 145, 111, 124, 1322, 1303),
(684, 684, 488, 176, 156, 156, 2039, 2010),
(685, 685, 209, 63, 70, 76, 428, 422),
(686, 686, 241, 48, 103, 90, 437, 431),
(687, 687, 439, 176, 103, 160, 1714, 1689),
(688, 688, 377, 139, 114, 124, 1287, 1269),
(689, 689, 545, 221, 152, 172, 2604, 2567),
(690, 690, 334, 108, 138, 88, 964, 950),
(691, 691, 419, 136, 175, 108, 1441, 1421),
(692, 692, 655, 212, 287, 156, 3221, 3175),
(693, 693, 362, 123, 107, 132, 1154, 1137),
(694, 694, 597, 196, 155, 246, 2775, 2736),
(695, 695, 392, 145, 113, 134, 1380, 1360),
(696, 696, 565, 226, 149, 190, 2759, 2720),
(697, 697, 496, 164, 182, 150, 2015, 1986),
(698, 698, 361, 120, 117, 124, 1142, 1125),
(699, 699, 484, 166, 170, 148, 1963, 1935),
(700, 700, 392, 135, 167, 90, 1295, 1276),
(701, 701, 559, 188, 253, 118, 2393, 2359),
(702, 702, 508, 97, 291, 120, 1421, 1401),
(703, 703, 382, 110, 116, 156, 1168, 1151),
(704, 704, 533, 173, 158, 202, 2275, 2242),
(705, 705, 356, 109, 123, 124, 1072, 1057),
(706, 706, 500, 168, 168, 164, 2068, 2039),
(707, 707, 302, 98, 98, 106, 825, 813),
(708, 708, 521, 177, 172, 172, 2242, 2210),
(709, 709, 304, 96, 124, 84, 813, 801),
(710, 710, 558, 194, 220, 144, 2523, 2487),
(711, 711, 318, 109, 109, 100, 924, 911),
(712, 712, 530, 177, 223, 130, 2227, 2195),
(713, 713, 326, 108, 118, 100, 950, 936),
(714, 714, 535, 221, 172, 142, 2525, 2489),
(715, 715, 286, 115, 83, 88, 815, 804),
(716, 716, 533, 219, 190, 124, 2467, 2431),
(717, 717, 412, 158, 138, 116, 1529, 1507),
(718, 718, 612, 227, 221, 164, 3106, 3062),
(719, 719, 394, 124, 116, 154, 1291, 1273),
(720, 720, 605, 186, 173, 246, 2780, 2741),
(721, 721, 630, 203, 237, 190, 3094, 3050),
(722, 722, 511, 195, 160, 156, 2268, 2236),
(723, 723, 437, 164, 139, 134, 1693, 1669),
(724, 724, 480, 95, 285, 100, 1276, 1257),
(725, 725, 321, 101, 130, 90, 893, 881),
(726, 726, 500, 159, 205, 136, 1980, 1952),
(727, 727, 683, 220, 283, 180, 3538, 3487),
(728, 728, 455, 160, 181, 114, 1737, 1713),
(729, 729, 319, 125, 108, 86, 974, 960),
(730, 730, 528, 201, 157, 170, 2406, 2372),
(731, 731, 348, 121, 129, 98, 1083, 1068),
(732, 732, 541, 175, 236, 130, 2263, 2231),
(733, 733, 370, 117, 143, 110, 1158, 1142),
(734, 734, 689, 196, 303, 190, 3364, 3316),
(735, 735, 239, 83, 76, 80, 569, 560),
(736, 736, 550, 205, 175, 170, 2576, 2539),
(737, 737, 731, 275, 204, 252, 4379, 4317),
(738, 738, 731, 275, 204, 252, 4379, 4317),
(739, 739, 664, 203, 245, 216, 3336, 3289),
(740, 740, 575, 190, 285, 100, 2378, 2344),
(741, 741, 688, 287, 241, 160, 3992, 3935),
(742, 742, 643, 252, 231, 160, 3460, 3410),
(743, 743, 340, 102, 102, 136, 971, 957),
(744, 744, 440, 142, 142, 156, 1606, 1583),
(745, 745, 558, 210, 192, 156, 2643, 2606),
(746, 746, 297, 128, 79, 90, 887, 874),
(747, 747, 407, 174, 103, 130, 1544, 1522),
(748, 748, 579, 214, 175, 190, 2822, 2782),
(749, 749, 324, 120, 104, 100, 986, 972),
(750, 750, 439, 168, 151, 120, 1711, 1686),
(751, 751, 607, 232, 215, 160, 3095, 3050),
(752, 752, 265, 136, 59, 70, 747, 737),
(753, 753, 369, 159, 100, 110, 1302, 1284),
(754, 754, 528, 222, 146, 160, 2484, 2449),
(755, 755, 274, 122, 56, 96, 759, 748),
(756, 756, 483, 194, 113, 176, 2041, 2011),
(757, 757, 294, 115, 85, 94, 847, 835),
(758, 758, 430, 145, 171, 114, 1547, 1525),
(759, 759, 573, 254, 165, 154, 2930, 2888),
(760, 760, 353, 150, 109, 94, 1198, 1180),
(761, 761, 567, 231, 142, 194, 2783, 2743),
(762, 762, 491, 196, 145, 150, 2141, 2110),
(763, 763, 271, 110, 81, 80, 745, 734),
(764, 764, 470, 198, 152, 120, 1997, 1968),
(765, 765, 285, 117, 78, 90, 814, 803),
(766, 766, 521, 231, 140, 150, 2457, 2422),
(767, 767, 182, 46, 46, 90, 304, 300),
(768, 768, 313, 98, 115, 100, 862, 850),
(769, 769, 492, 114, 278, 100, 1478, 1457),
(770, 770, 443, 175, 128, 140, 1766, 1741),
(771, 771, 594, 214, 180, 200, 2928, 2886),
(772, 772, 274, 72, 126, 76, 615, 606),
(773, 773, 499, 126, 237, 136, 1717, 1693),
(774, 774, 244, 100, 64, 80, 622, 613),
(775, 775, 501, 192, 169, 140, 2183, 2152),
(776, 776, 316, 108, 128, 80, 895, 882),
(777, 777, 451, 154, 177, 120, 1699, 1675),
(778, 778, 312, 136, 80, 96, 968, 954),
(779, 779, 494, 228, 130, 136, 2245, 2213),
(780, 780, 371, 136, 95, 140, 1231, 1213),
(781, 781, 616, 226, 150, 240, 3087, 3043),
(782, 782, 208, 55, 69, 84, 398, 393),
(783, 783, 276, 78, 94, 104, 661, 652),
(784, 784, 561, 222, 195, 144, 2704, 2666),
(785, 785, 493, 165, 226, 102, 1887, 1860),
(786, 786, 555, 168, 207, 180, 2378, 2344),
(787, 787, 597, 222, 175, 200, 2991, 2949),
(788, 788, 196, 67, 79, 50, 400, 394),
(789, 789, 617, 218, 249, 150, 3037, 2993),
(790, 790, 363, 120, 133, 110, 1146, 1130),
(791, 791, 542, 178, 194, 170, 2370, 2336),
(792, 792, 431, 97, 224, 110, 1209, 1191),
(793, 793, 558, 184, 184, 190, 2510, 2474),
(794, 794, 586, 198, 198, 190, 2779, 2740),
(795, 795, 430, 116, 194, 120, 1374, 1354),
(796, 796, 525, 216, 179, 130, 2419, 2385),
(797, 797, 523, 165, 238, 120, 2077, 2048),
(798, 798, 470, 190, 150, 130, 1980, 1952),
(799, 799, 500, 177, 213, 110, 2024, 1995),
(800, 800, 489, 208, 145, 136, 2164, 2133),
(801, 801, 554, 231, 167, 156, 2710, 2671),
(802, 802, 557, 233, 184, 140, 2720, 2681),
(803, 803, 310, 102, 118, 90, 863, 851),
(804, 804, 427, 145, 172, 110, 1527, 1506),
(805, 805, 622, 222, 250, 150, 3095, 3051),
(806, 806, 576, 250, 186, 140, 2921, 2879),
(807, 807, 628, 259, 229, 140, 3328, 3280),
(808, 808, 614, 249, 225, 140, 3180, 3134),
(809, 809, 590, 189, 261, 140, 2635, 2597),
(810, 810, 197, 54, 57, 86, 367, 362),
(811, 811, 382, 54, 242, 86, 694, 684),
(812, 812, 773, 280, 219, 274, 4791, 4722),
(813, 813, 773, 280, 219, 274, 4791, 4722),
(814, 814, 721, 249, 254, 218, 4128, 4069),
(815, 815, 732, 259, 259, 214, 4286, 4225),
(816, 816, 543, 316, 85, 142, 2590, 2553),
(817, 817, 640, 330, 144, 166, 3655, 3603),
(818, 818, 601, 207, 200, 194, 2939, 2897),
(819, 819, 726, 355, 253, 118, 4362, 4300),
(820, 820, 733, 188, 99, 446, 2906, 2865),
(821, 821, 646, 251, 201, 194, 3529, 3479),
(822, 822, 631, 246, 225, 160, 3340, 3293);

/*!40000 ALTER TABLE `stats` ENABLE KEYS */
;

UNLOCK TABLES;

/*!40103 SET TIME_ZONE=@OLD_TIME_ZONE */
;

/*!40101 SET SQL_MODE=@OLD_SQL_MODE */
;

/*!40014 SET FOREIGN_KEY_CHECKS=@OLD_FOREIGN_KEY_CHECKS */
;

/*!40014 SET UNIQUE_CHECKS=@OLD_UNIQUE_CHECKS */
;

/*!40101 SET CHARACTER_SET_CLIENT=@OLD_CHARACTER_SET_CLIENT */
;

/*!40101 SET CHARACTER_SET_RESULTS=@OLD_CHARACTER_SET_RESULTS */
;

/*!40101 SET COLLATION_CONNECTION=@OLD_COLLATION_CONNECTION */
;

/*!40111 SET SQL_NOTES=@OLD_SQL_NOTES */
;

-- Dump completed on 2020-10-31 16:58:20
